Date,temperature_2m_max,temperature_2m_min,apparent_temperature_max,apparent_temperature_min,precipitation_sum,rain_sum,snowfall_sum,precipitation_hours,windspeed_10m_max,windgusts_10m_max,shortwave_radiation_sum,et0_fao_evapotranspiration,weathercode,sunshine_duration,予約件数,予約人数,来客数,総杯数,売上合計(円),ペールエール(本),ペールエール(円),ラガー(本),ラガー(円),IPA(本),IPA(円),ホワイトビール(本),ホワイトビール(円),黒ビール(本),黒ビール(円),フルーツビール(本),フルーツビール(円)
2024-04-01,16.8,10.2,16.3,7.6,5.4,5.4,0.0,8.0,21.3,32.8,15.17,2.52,63,28285.21,,,21.0,33.0,"31,800",10.0,"10,000",10.0,"8,000",5.0,"4,500",5,"4,500",4.0,"4,800",,
2024-04-02,17.1,6.0,14.2,1.4,0.0,0.0,0.0,0.0,23.6,36.4,20.25,3.44,3,39536.97,,,13.0,25.0,"23,300",8.0,"8,000",7.0,"5,600",3.0,"2,700",4,"3,600",2.0,"2,400",1,"1,000"
2024-04-03,15.1,9.0,14.5,7.5,13.3,13.3,0.0,13.0,15.9,22.7,6.21,1.16,61,1251.52,,,20.0,36.0,"33,600",7.0,"7,000",8.0,"6,400",6.0,"5,400",6,"5,400",2.0,"2,400",7,"7,000"
2024-04-04,17.6,11.4,17.2,8.4,9.1,9.1,0.0,5.0,24.3,36.0,7.39,1.52,63,5322.45,,,17.0,27.0,"24,600",6.0,"6,000",9.0,"7,200",4.0,"3,600",4,"3,600",1.0,"1,200",3,"3,000"
2024-04-05,12.7,9.7,10.9,5.8,3.9,3.9,0.0,11.0,21.9,33.1,5.0,1.32,61,0.0,2,5,29.0,61.0,"56,500",15.0,"15,000",18.0,"14,400",9.0,"8,100",8,"7,200",4.0,"4,800",7,"7,000"
2024-04-06,16.6,8.8,16.1,5.3,0.1,0.1,0.0,1.0,21.0,33.5,9.99,1.74,51,8477.89,,,2.0,4.0,"3,700",1.0,"1,000",1.0,800,1.0,900,,,,,1,"1,000"
2024-04-07,20.2,11.2,20.7,8.9,1.6,1.6,0.0,6.0,17.5,28.8,18.87,2.99,53,36238.32,,,,,,,,,,,,,,,,,
2024-04-08,21.1,12.5,22.7,12.3,0.3,0.3,0.0,3.0,16.6,27.7,11.73,2.14,51,20357.48,,,15.0,21.0,"19,900",5.0,"5,000",5.0,"4,000",2.0,"1,800",3,"2,700",2.0,"2,400",4,"4,000"
2024-04-09,19.9,8.9,18.0,0.3,49.1,49.1,0.0,13.0,61.3,95.0,4.32,1.8,65,0.0,,,4.0,9.0,"8,500",2.0,"2,000",2.0,"1,600",2.0,"1,800",1,900,1.0,"1,200",1,"1,000"
2024-04-10,15.1,5.3,12.8,-0.8,0.0,0.0,0.0,0.0,37.8,64.1,24.83,4.1,3,42437.84,,,8.0,14.0,"13,000",4.0,"4,000",4.0,"3,200",2.0,"1,800",2,"1,800",1.0,"1,200",1,"1,000"
2024-04-11,17.9,5.3,16.8,2.3,0.0,0.0,0.0,0.0,15.8,25.6,21.32,3.45,3,36397.12,,,17.0,30.0,"27,900",7.0,"7,000",7.0,"5,600",5.0,"4,500",4,"3,600",1.0,"1,200",6,"6,000"
2024-04-12,17.7,10.0,16.0,8.0,0.8,0.8,0.0,4.0,21.3,32.4,12.28,2.14,51,24089.32,1,2,18.0,37.0,"34,300",11.0,"11,000",13.0,"10,400",7.0,"6,300",6,"5,400",1.0,"1,200",,
2024-04-13,20.6,9.7,19.6,7.4,0.0,0.0,0.0,0.0,21.9,34.9,23.39,3.79,3,40839.38,,,2.0,2.0,"1,800",1.0,"1,000",1.0,800,,,,,,,,
2024-04-14,21.6,10.3,22.1,8.9,0.0,0.0,0.0,0.0,19.6,30.6,23.36,3.87,3,42487.7,,,,,,,,,,,,,,,,,
2024-04-15,22.9,11.4,22.8,10.6,0.0,0.0,0.0,0.0,26.7,38.9,23.95,4.13,3,42965.25,,,3.0,7.0,"7,500",2.0,"2,000",1.0,800,2.0,"1,800",1,900,,,2,"2,000"
2024-04-16,20.4,14.9,16.8,12.1,0.0,0.0,0.0,0.0,43.7,64.8,20.91,3.99,3,31782.84,,,20.0,34.0,"31,500",9.0,"9,000",10.0,"8,000",4.0,"3,600",5,"4,500",2.0,"2,400",4,"4,000"
2024-04-17,21.2,15.2,22.7,12.9,1.9,1.9,0.0,9.0,31.1,49.7,17.54,3.24,53,38375.12,,,2.0,3.0,"2,700",1.0,"1,000",1.0,800,1.0,900,,,,,,
2024-04-18,20.8,13.0,19.2,11.4,3.3,3.3,0.0,7.0,20.6,30.6,12.58,2.76,55,18680.26,,,2.0,4.0,"3,600",1.0,"1,000",1.0,800,1.0,900,1,900,,,,
2024-04-19,20.8,12.7,14.1,7.0,0.5,0.5,0.0,2.0,49.6,74.5,22.65,5.39,51,42725.18,,,20.0,47.0,"44,200",11.0,"11,000",12.0,"9,600",5.0,"4,500",9,"8,100",5.0,"6,000",5,"5,000"
2024-04-20,23.4,10.4,23.8,7.6,0.1,0.1,0.0,1.0,22.4,32.8,20.39,4.35,51,36749.18,,,12.0,26.0,"23,600",8.0,"8,000",9.0,"7,200",4.0,"3,600",4,"3,600",1.0,"1,200",,
2024-04-21,22.6,13.2,22.6,11.8,3.2,3.2,0.0,4.0,26.2,39.2,15.93,3.53,61,25103.75,,,,,,,,,,,,,,,,,
2024-04-22,19.3,14.6,18.1,13.2,12.9,12.9,0.0,11.0,18.6,29.9,8.51,1.82,61,783.23,,,10.0,19.0,"18,000",4.0,"4,000",4.0,"3,200",4.0,"3,600",2,"1,800",2.0,"2,400",3,"3,000"
2024-04-23,19.7,13.5,18.4,12.6,0.1,0.1,0.0,1.0,20.2,29.5,11.17,2.37,51,14684.39,2,6,15.0,29.0,"27,200",9.0,"9,000",7.0,"5,600",5.0,"4,500",3,"2,700",2.0,"2,400",3,"3,000"
2024-04-24,16.9,14.4,15.0,12.6,10.4,10.4,0.0,18.0,24.0,35.6,5.54,1.43,61,0.0,,,17.0,29.0,"28,600",12.0,"12,000",8.0,"6,400",4.0,"3,600",2,"1,800",4.0,"4,800",,
2024-04-25,22.1,13.6,23.8,11.5,0.6,0.6,0.0,1.0,29.2,42.5,19.74,3.51,53,39684.03,,,1.0,1.0,100,,,,,,,,,,,1,"1,000"
2024-04-26,24.8,13.2,26.6,12.4,0.0,0.0,0.0,0.0,22.3,33.8,18.52,3.44,3,33380.36,,,6.0,11.0,,2.0,"2,000",3.0,"2,400",2.0,"1,800",1,900,2.0,"2,400",1,"1,000"
2024-04-27,21.4,16.9,22.6,17.9,1.1,1.1,0.0,4.0,19.0,28.1,10.34,2.1,51,8350.41,1,4,11.0,24.0,"22,200",6.0,"6,000",7.0,"5,600",4.0,"3,600",4,"3,600",2.0,"2,400",1,"1,000"
2024-04-28,25.4,13.9,27.0,14.2,0.0,0.0,0.0,0.0,32.1,47.9,25.52,4.65,3,42406.15,,,,,,,,,,,,,,,,,
2024-04-29,23.2,15.7,23.4,16.1,0.0,0.0,0.0,0.0,35.3,53.6,19.82,3.66,3,30522.64,,,2.0,4.0,"3,700",1.0,"1,000",1.0,800,1.0,900,,,,,1,"1,000"
2024-04-30,24.0,17.6,26.3,17.6,0.0,0.0,0.0,0.0,22.9,34.9,11.07,2.36,3,14194.07,,,13.0,24.0,"22,500",6.0,"6,000",6.0,"4,800",4.0,"3,600",3,"2,700",2.0,"2,400",3,"3,000"
2024-05-01,19.5,12.9,22.0,10.0,35.5,35.5,0.0,18.0,28.5,43.9,3.93,1.14,63,0.0,,,11.0,14.0,"14,200",5.0,"5,000",4.0,"3,200",2.0,"1,800",2,"1,800",2.0,"2,400",,
2024-05-02,19.4,11.6,17.3,7.9,6.3,6.3,0.0,7.0,27.2,45.0,20.46,3.82,61,39106.02,,,21.0,52.0,"49,100",13.0,"13,000",13.0,"10,400",7.0,"6,300",6,"5,400",5.0,"6,000",8,"8,000"
2024-05-03,21.5,9.6,20.4,7.9,0.0,0.0,0.0,0.0,28.7,41.4,26.71,4.67,0,46042.28,,,11.0,19.0,"17,700",6.0,"6,000",5.0,"4,000",3.0,"2,700",2,"1,800",1.0,"1,200",2,"2,000"
2024-05-04,25.7,12.4,25.9,11.4,0.0,0.0,0.0,0.0,23.8,36.0,26.55,5.05,0,46101.52,,,8.0,16.0,"15,200",6.0,"6,000",4.0,"3,200",2.0,"1,800",2,"1,800",2.0,"2,400",,
2024-05-05,24.3,14.6,23.9,14.0,0.0,0.0,0.0,0.0,36.9,55.4,26.88,5.15,3,46159.52,,,,,,,,,,,,,,,,,
2024-05-06,21.7,18.2,17.9,14.6,0.0,0.0,0.0,0.0,43.1,60.1,10.43,3.35,3,17264.84,,,15.0,28.0,"26,200",11.0,"11,000",7.0,"5,600",4.0,"3,600",4,"3,600",2.0,"2,400",,
2024-05-07,21.0,18.7,21.0,16.2,14.3,14.3,0.0,15.0,51.8,76.7,5.76,1.76,63,2613.38,,,4.0,6.0,"5,400",2.0,"2,000",2.0,"1,600",1.0,900,1,900,,,,
2024-05-08,23.2,12.7,23.6,9.7,19.5,19.5,0.0,16.0,26.6,41.4,16.03,3.17,65,26927.61,,,13.0,25.0,"23,900",7.0,"7,000",6.0,"4,800",3.0,"2,700",2,"1,800",3.0,"3,600",4,"4,000"
2024-05-09,17.4,10.5,14.3,6.9,2.3,2.3,0.0,8.0,21.6,33.5,14.44,2.71,55,21866.27,,,17.0,24.0,"21,900",7.0,"7,000",7.0,"5,600",5.0,"4,500",4,"3,600",1.0,"1,200",,
2024-05-10,21.3,7.3,18.3,4.8,0.0,0.0,0.0,0.0,35.3,52.2,27.69,5.31,3,46428.79,,,23.0,54.0,"49,200",12.0,"12,000",17.0,"13,600",10.0,"9,000",8,"7,200",2.0,"2,400",5,"5,000"
2024-05-11,22.7,12.2,19.6,11.2,0.0,0.0,0.0,0.0,44.7,66.6,27.57,5.1,3,46478.01,,,16.0,36.0,"33,400",11.0,"11,000",11.0,"8,800",5.0,"4,500",5,"4,500",3.0,"3,600",1,"1,000"
2024-05-12,22.6,17.1,19.8,13.7,0.3,0.3,0.0,1.0,37.2,55.4,15.43,3.87,51,24337.56,,,,,,,,,,,,,,,,,
2024-05-13,21.7,16.2,21.8,15.9,44.7,44.7,0.0,20.0,48.3,73.4,3.4,1.21,65,0.0,,,17.0,31.0,"29,000",8.0,"8,000",12.0,"9,600",5.0,"4,500",5,"4,500",2.0,"2,400",,
2024-05-14,20.5,14.1,18.9,12.3,0.0,0.0,0.0,0.0,21.3,35.3,22.49,3.96,3,35574.04,,,2.0,4.0,"3,700",1.0,"1,000",1.0,800,1.0,900,,,,,1,"1,000"
2024-05-15,23.3,12.9,24.4,12.2,2.4,2.4,0.0,3.0,18.1,31.0,24.47,4.23,61,40432.83,,,2.0,3.0,"2,800",1.0,"1,000",1.0,800,,,,,,,1,"1,000"
2024-05-16,23.3,15.4,21.6,9.7,8.0,8.0,0.0,9.0,49.9,72.0,16.48,3.95,63,22118.24,,,3.0,5.0,"4,400",1.0,"1,000",2.0,"1,600",1.0,900,1,900,,,,
2024-05-17,23.9,11.8,24.1,10.4,0.0,0.0,0.0,0.0,37.9,62.6,27.74,5.52,3,46742.0,,,7.0,16.0,"15,200",4.0,"4,000",4.0,"3,200",2.0,"1,800",2,"1,800",2.0,"2,400",2,"2,000"
2024-05-18,26.0,13.3,27.8,11.0,0.0,0.0,0.0,0.0,17.5,27.7,27.26,5.22,3,46781.26,,,9.0,15.0,"13,800",5.0,"5,000",5.0,"4,000",2.0,"1,800",2,"1,800",1.0,"1,200",,
2024-05-19,21.2,15.5,22.6,16.2,0.4,0.4,0.0,2.0,14.1,24.5,7.42,1.6,51,3907.51,,,,,,,,,,,,,,,,,
2024-05-20,23.0,15.7,24.9,14.9,26.4,26.4,0.0,13.0,16.0,29.9,13.89,2.65,63,20536.11,,,2.0,3.0,"2,700",1.0,"1,000",1.0,800,0.0,,1,900,,,,
2024-05-21,26.9,16.1,29.1,17.0,4.0,4.0,0.0,6.0,21.5,31.3,23.55,4.62,61,43056.42,,,15.0,19.0,"17,200",4.0,"4,000",6.0,"4,800",4.0,"3,600",4,"3,600",1.0,"1,200",,
2024-05-22,23.5,17.1,24.8,15.3,0.0,0.0,0.0,0.0,23.0,33.8,22.09,4.61,3,31350.98,,,11.0,19.0,"18,700",7.0,"7,000",6.0,"4,800",3.0,"2,700",2,"1,800",2.0,"2,400",,
2024-05-23,23.6,17.9,23.0,17.8,0.0,0.0,0.0,0.0,29.7,44.3,18.55,3.47,3,30278.54,,,1.0,1.0,"1,000",,,,,,,,,,,1,"1,000"
2024-05-24,26.1,16.5,29.2,17.6,0.0,0.0,0.0,0.0,25.2,36.4,25.0,4.7,3,46800.0,,,2.0,4.0,"3,700",1.0,"1,000",1.0,800,1.0,900,,,,,1,"1,000"
2024-05-25,23.7,17.0,24.2,16.0,0.0,0.0,0.0,0.0,29.0,47.5,19.87,4.2,3,32052.38,1,2,9.0,16.0,"14,800",4.0,"4,000",5.0,"4,000",2.0,"1,800",2,"1,800",1.0,"1,200",2,"2,000"
2024-05-26,23.9,16.9,22.8,16.9,0.0,0.0,0.0,0.0,31.6,49.0,24.19,4.84,3,41971.09,,,,,,,,,,,,,,,,,
2024-05-27,23.8,19.7,22.3,17.8,1.0,1.0,0.0,3.0,44.0,65.2,11.04,2.5,53,13434.59,,,14.0,25.0,"23,300",6.0,"6,000",6.0,"4,800",4.0,"3,600",5,"4,500",2.0,"2,400",2,"2,000"
2024-05-28,25.2,21.4,25.2,18.3,20.0,20.0,0.0,19.0,68.4,97.6,8.46,2.21,63,641.66,,,22.0,27.0,"25,000",7.0,"7,000",7.0,"6,300",4.0,"3,600",4,"3,600",1.0,"1,200",4,"4,000"
2024-05-29,23.9,18.5,24.8,14.2,15.6,15.6,0.0,3.0,45.6,81.4,18.54,4.18,65,30937.41,,,2.0,4.0,"3,700",1.0,"1,000",1.0,800,1.0,900,,,,,1,"1,000"
2024-05-30,25.6,17.4,27.1,18.6,1.0,1.0,0.0,1.0,24.7,36.4,23.21,4.49,55,41154.68,,,15.0,24.0,"22,600",7.0,"7,000",7.0,"5,600",3.0,"2,700",3,"2,700",3.0,"3,600",1,"1,000"
2024-05-31,20.1,17.3,22.7,15.7,38.5,38.5,0.0,15.0,26.8,42.8,6.26,1.42,63,3198.32,,,31.0,80.0,"79,300",25.0,"25,000",27.0,"21,600",15.0,"13,500",12,"10,800",7.0,"8,400",,
2024-06-01,24.6,17.6,26.2,17.4,0.8,0.8,0.0,7.0,18.9,29.9,21.15,4.09,51,32400.0,,,3.0,6.0,"5,400",2.0,"2,000",2.0,"1,600",1.0,900,1,900,,,,
2024-06-02,22.8,16.9,23.8,16.8,22.7,22.7,0.0,12.0,22.6,33.1,19.61,3.51,63,36918.86,,,,,,,,,,,,,,,,,
2024-06-03,23.1,16.0,25.6,15.2,12.0,12.0,0.0,14.0,22.6,34.2,19.89,3.57,63,31815.12,,,15.0,20.0,"18,500",6.0,"6,000",6.0,"4,800",3.0,"2,700",2,"1,800",1.0,"1,200",2,"2,000"
2024-06-04,23.2,15.2,24.4,14.5,0.8,0.8,0.0,5.0,23.4,35.6,24.81,4.35,51,45312.85,,,1.0,2.0,"1,800",1.0,"1,000",1.0,800,,,,,,,,
2024-06-05,25.2,15.0,27.2,14.6,0.0,0.0,0.0,0.0,23.9,34.2,27.96,5.16,0,47154.49,,,17.0,30.0,"27,900",8.0,"8,000",8.0,"6,400",4.0,"3,600",5,"4,500",2.0,"2,400",3,"3,000"
2024-06-06,24.1,18.0,25.3,18.6,0.1,0.1,0.0,1.0,28.9,43.6,21.23,4.2,51,39493.41,,,6.0,10.0,"9,400",2.0,"2,000",3.0,"2,400",1.0,900,1,900,1.0,"1,200",2,"2,000"
2024-06-07,25.2,18.2,25.7,19.2,0.2,0.2,0.0,2.0,21.6,34.2,22.09,4.42,51,41399.6,1,4,27.0,62.0,"58,700",21.0,"21,000",19.0,"15,200",10.0,"9,000",11,"9,900",3.0,"3,600",,
2024-06-08,26.2,15.9,27.1,16.5,0.2,0.2,0.0,2.0,19.9,30.2,27.55,5.28,51,45872.04,,,2.0,4.0,"3,700",1.0,"1,000",1.0,800,1.0,900,,,,,1,"1,000"
2024-06-09,24.9,19.9,24.5,20.6,0.5,0.5,0.0,5.0,30.3,44.6,19.0,3.96,51,28800.0,,,,,,,,,,,,,,,,,
2024-06-10,24.1,19.4,26.0,19.9,12.9,12.9,0.0,10.0,20.2,29.2,16.9,3.43,63,29522.18,,,14.0,17.0,"16,200",4.0,"4,000",7.0,"5,600",3.0,"2,700",3,"2,700",1.0,"1,200",,
2024-06-11,26.2,19.1,27.5,20.8,0.0,0.0,0.0,0.0,29.1,43.9,25.79,4.87,3,43667.98,,,16.0,24.0,"22,100",6.0,"6,000",8.0,"6,400",4.0,"3,600",3,"2,700",2.0,"2,400",1,"1,000"
2024-06-12,26.6,19.5,28.3,22.0,0.0,0.0,0.0,0.0,25.1,37.8,25.17,4.74,3,47267.43,,,3.0,6.0,"5,400",2.0,"2,000",2.0,"1,600",1.0,900,1,900,,,,
2024-06-13,24.2,19.7,25.7,21.8,0.0,0.0,0.0,0.0,12.7,21.6,11.07,2.31,3,8706.57,,,19.0,30.0,"27,700",9.0,"9,000",9.0,"7,200",5.0,"4,500",4,"3,600",2.0,"2,400",1,"1,000"
2024-06-14,28.5,19.6,32.1,21.5,0.0,0.0,0.0,0.0,24.3,38.5,27.56,5.49,1,47514.83,,,26.0,63.0,"58,200",20.0,"20,000",19.0,"15,200",8.0,"7,200",8,"7,200",3.0,"3,600",5,"5,000"
2024-06-15,28.2,19.2,30.6,21.6,0.7,0.7,0.0,3.0,20.4,32.8,24.42,4.92,51,37474.93,,,1.0,2.0,"1,800",1.0,"1,000",1.0,800,,,,,,,,
2024-06-16,25.8,21.4,28.7,22.7,20.0,20.0,0.0,9.0,31.4,47.2,21.36,3.87,65,32990.5,,,,,,,,,,,,,,,,,
2024-06-17,28.5,21.8,31.9,24.5,1.6,1.6,0.0,4.0,16.9,24.5,15.74,3.42,55,28682.33,,,2.0,4.0,"3,700",1.0,"1,000",1.0,800,1.0,900,,,,,1,"1,000"
2024-06-18,22.8,18.7,26.2,19.1,102.1,102.1,0.0,22.0,18.7,27.0,2.28,0.85,65,0.0,,,4.0,5.0,"4,400",1.0,"1,000",2.0,"1,600",1.0,900,1,900,,,,
2024-06-19,27.8,17.0,31.0,18.4,0.0,0.0,0.0,0.0,23.6,34.6,28.35,5.61,3,47646.34,,,13.0,22.0,"20,300",6.0,"6,000",6.0,"4,800",4.0,"3,600",3,"2,700",1.0,"1,200",2,"2,000"
2024-06-20,26.7,19.7,29.7,21.5,0.0,0.0,0.0,0.0,32.9,48.2,24.51,4.69,3,46356.77,,,13.0,23.0,"21,100",6.0,"6,000",7.0,"5,600",4.0,"3,600",3,"2,700",1.0,"1,200",2,"2,000"
2024-06-21,22.9,18.5,24.6,16.7,35.9,35.9,0.0,10.0,32.4,48.2,3.13,1.38,63,0.0,,,15.0,37.0,"34,200",9.0,"9,000",100.0,"8,000",7.0,"6,300",5,"4,500",2.0,"2,400",4,"4,000"
2024-06-22,27.0,16.1,27.3,16.5,0.0,0.0,0.0,0.0,37.1,53.6,23.64,5.18,3,37614.19,,,14.0,27.0,"25,300",8.0,"8,000",7.0,"5,600",3.0,"2,700",4,"3,600",2.0,"2,400",3,"3,000"
2024-06-23,24.5,21.7,28.9,21.3,12.8,12.8,0.0,14.0,31.9,50.8,7.42,1.96,63,2746.07,,,,,,,,,,,,,,,,,
2024-06-24,29.7,20.9,35.9,23.1,0.4,0.4,0.0,1.0,19.9,32.0,23.37,4.54,51,35531.6,,,2.0,4.0,"3,600",1.0,"1,000",1.0,800,1.0,900,1,900,,,,
2024-06-25,29.8,22.8,33.6,25.5,0.0,0.0,0.0,0.0,23.3,35.3,17.71,3.85,3,26582.47,,,12.0,15.0,"14,500",4.0,"4,000",6.0,"4,800",2.0,"1,800",3,"2,700",1.0,"1,200",,
2024-06-26,29.6,23.0,35.1,24.0,1.6,1.6,0.0,2.0,21.2,30.2,19.05,4.19,55,34245.36,,,19.0,34.0,"31,500",10.0,"10,000",9.0,"7,200",6.0,"5,400",5,"4,500",2.0,"2,400",2,"2,000"
2024-06-27,27.5,22.2,30.4,24.1,0.1,0.1,0.0,1.0,20.9,31.7,19.55,4.29,51,22411.73,,,19.0,36.0,"33,200",7.0,"7,000",12.0,"9,600",5.0,"4,500",5,"4,500",3.0,"3,600",4,"4,000"
2024-06-28,23.7,21.3,26.5,21.8,47.8,47.8,0.0,21.0,47.1,69.1,4.08,1.09,65,0.0,,,2.0,5.0,"4,400",1.0,"1,000",2.0,"1,600",1.0,900,1,900,,,,
2024-06-29,27.5,20.7,31.1,22.9,0.3,0.3,0.0,2.0,19.2,29.2,14.91,3.16,51,22553.93,,,14.0,23.0,"21,300",5.0,"5,000",7.0,"5,600",3.0,"2,700",4,"3,600",2.0,"2,400",2,"2,000"
2024-06-30,27.8,22.9,30.1,23.6,3.0,3.0,0.0,7.0,49.3,70.2,10.83,2.84,53,2715.07,,,,,,,,,,,,,,,,,
2024-07-01,27.7,24.8,32.4,22.9,6.3,6.3,0.0,11.0,57.7,84.2,6.71,2.34,61,2403.65,-,-,100.0,18.0,"17,500",6.0,"6,000",5.0,"4,000",3.0,"2,700",4,"3,600",1.0,"1,200",,
2024-07-02,30.1,23.4,36.7,27.7,9.3,9.3,0.0,9.0,15.5,25.6,19.95,4.14,63,30531.87,-,-,14.0,21.0,"20,200",6.0,"6,000",8.0,"6,400",3.0,"2,700",3,"2,700",2.0,"2,400",,
2024-07-03,31.1,23.3,36.8,26.4,0.9,0.9,0.0,4.0,23.0,34.2,23.78,4.87,53,42828.24,,,1.0,2.0,"1,800",,,1.0,800,,,,,,,1,"1,000"
2024-07-04,32.6,23.4,39.1,28.2,0.0,0.0,0.0,0.0,17.1,25.9,24.6,5.29,3,47644.37,,,13.0,22.0,"20,800",6.0,"6,000",5.0,"4,000",3.0,"2,700",3,"2,700",2.0,"2,400",3,"3,000"
2024-07-05,33.2,24.3,40.7,27.9,0.0,0.0,0.0,0.0,18.3,29.2,26.55,5.54,2,47773.13,,,16.0,38.0,"36,400",12.0,"12,000",14.0,"11,200",6.0,"5,400",6,"5,400",2.0,"2,400",,
2024-07-06,33.0,24.7,39.8,29.5,0.6,0.6,0.0,2.0,18.7,30.6,22.59,5.03,51,39600.0,,,25.0,47.0,"46,500",14.0,"14,000",17.0,"13,600",9.0,"8,100",8,"7,200",3.0,"3,600",,
2024-07-07,32.0,24.9,38.4,29.6,0.0,0.0,0.0,0.0,15.5,25.9,26.68,5.44,3,47125.59,,,,,,,,,,,,,,,,,
2024-07-08,33.9,24.3,40.2,29.7,0.0,0.0,0.0,0.0,15.1,25.6,25.31,5.49,3,42765.58,,,2.0,4.0,"3,700",1.0,"1,000",1.0,800,1.0,900,,,,,1,"1,000"
2024-07-09,32.9,24.9,35.9,30.3,0.0,0.0,0.0,0.0,29.9,46.4,20.05,4.7,3,35459.95,,,2.0,4.0,"3,600",1.0,"1,000",1.0,800,1.0,900,1,900,,,,
2024-07-10,31.7,24.6,37.0,26.9,2.0,2.0,0.0,4.0,43.6,63.0,17.43,4.64,53,29360.43,,,4.0,6.0,"5,400",1.0,"1,000",2.0,"1,600",1.0,900,1,900,,,1,"1,000"
2024-07-11,29.2,24.6,32.0,25.4,1.2,1.2,0.0,2.0,52.4,76.3,9.67,3.35,53,2881.99,,,2.0,4.0,"3,700",1.0,"1,000",1.0,800,1.0,900,,,,,1,"1,000"
2024-07-12,25.6,22.6,30.6,24.8,16.3,16.3,0.0,19.0,18.7,32.4,5.45,1.38,63,3392.91,,,31.0,67.0,"62,600",17.0,"17,000",10.0,"8,000",11.0,"9,900",9,"8,100",6.0,"7,200",14,"14,000"
2024-07-13,29.5,21.6,32.7,24.5,3.0,3.0,0.0,5.0,28.0,41.4,21.88,4.75,55,38498.86,,,16.0,38.0,"35,100",13.0,"13,000",10.0,"8,000",6.0,"5,400",5,"4,500",1.0,"1,200",3,"3,000"
2024-07-14,28.2,24.1,33.1,27.7,7.0,7.0,0.0,18.0,21.8,34.9,14.46,2.97,63,22735.34,,,,,,,,,,,,,,,,,
2024-07-15,28.0,22.6,31.6,24.9,0.5,0.5,0.0,3.0,30.6,47.2,13.66,2.79,51,16964.29,,,2.0,4.0,"3,700",1.0,"1,000",1.0,800,1.0,900,,,,,1,"1,000"
2024-07-16,26.3,21.8,29.1,24.8,12.8,12.8,0.0,18.0,18.1,29.5,8.74,1.96,63,6743.05,,,4.0,6.0,"5,400",2.0,"2,000",2.0,"1,600",1.0,900,1,900,,,,
2024-07-17,29.5,22.5,34.4,25.8,7.9,7.9,0.0,13.0,16.2,24.5,16.31,3.4,61,26227.04,,,20.0,37.0,"34,500",10.0,"10,000",10.0,"8,000",5.0,"4,500",6,"5,400",3.0,"3,600",3,"3,000"
2024-07-18,30.6,23.2,36.3,27.8,0.1,0.1,0.0,1.0,19.1,31.0,22.29,4.55,51,42663.88,,,4.0,6.0,"5,400",2.0,"2,000",2.0,"1,600",1.0,900,1,900,,,,
2024-07-19,30.9,24.3,35.8,29.0,0.0,0.0,0.0,0.0,24.0,36.4,18.45,4.1,3,31636.54,,,5.0,9.0,"8,200",2.0,"2,000",3.0,"2,400",1.0,900,1,900,,,2,"2,000"
2024-07-20,33.5,25.9,42.4,30.5,1.8,1.8,0.0,4.0,19.4,28.4,24.72,5.44,61,46615.22,,,3.0,5.0,"4,400",1.0,"1,000",2.0,"1,600",1.0,900,1,900,,,,
2024-07-21,31.5,24.9,36.8,29.4,12.2,12.2,0.0,5.0,22.8,35.6,25.07,5.5,63,46805.61,,,,,,,,,,,,,,,,,
2024-07-22,33.5,25.4,41.1,30.0,0.0,0.0,0.0,0.0,22.7,32.4,25.25,5.56,2,46652.21,,,1.0,2.0,"1,800",1.0,"1,000",1.0,800,,,,,,,,
2024-07-23,32.2,25.1,38.0,29.9,0.0,0.0,0.0,0.0,19.9,33.1,26.28,5.5,3,46612.07,,,2.0,4.0,"3,700",1.0,"1,000",1.0,800,1.0,900,,,,,1,"1,000"
2024-07-24,33.1,25.7,40.4,29.5,0.0,0.0,0.0,0.0,20.9,34.6,22.45,4.91,3,37313.0,-,-,15.0,25.0,"23,200",6.0,"6,000",8.0,"6,400",3.0,"2,700",3,"2,700",2.0,"2,400",3,"3,000"
2024-07-25,33.2,26.9,38.8,32.2,0.0,0.0,0.0,0.0,19.2,32.0,22.57,5.12,3,34999.2,-,-,16.0,26.0,"23,600",6.0,"6,000",8.0,"6,400",6.0,"5,400",4,"3,600",1.0,"1,200",1,"1,000"
2024-07-26,33.8,26.2,38.9,31.6,1.3,1.3,0.0,2.0,21.5,35.3,23.67,5.37,53,40587.93,-,-,7.0,15.0,"13,600",4.0,"4,000",6.0,"4,800",2.0,"1,800",2,"1,800",1.0,"1,200",,
2024-07-27,33.9,26.6,39.1,32.7,0.2,0.2,0.0,1.0,14.8,27.4,22.2,5.1,51,38336.34,-,-,1.0,2.0,"1,800",1.0,"1,000",1.0,800,,,,,,,,
2024-07-28,34.8,26.1,42.1,31.9,0.3,0.3,0.0,3.0,20.6,35.3,23.62,5.84,51,44870.96,,,,,,,,,,,,,,,,,
2024-07-29,36.7,27.8,40.4,31.0,0.0,0.0,0.0,0.0,30.1,47.9,23.93,7.11,3,45571.61,-,-,16.0,32.0,"29,500",10.0,"10,000",10.0,"8,000",4.0,"3,600",5,"4,500",2.0,"2,400",1,"1,000"
2024-07-30,38.1,28.0,40.5,30.4,1.4,1.4,0.0,6.0,26.8,43.2,20.38,6.71,51,41069.62,-,-,15.0,26.0,"23,700",7.0,"7,000",8.0,"6,400",5.0,"4,500",4,"3,600",1.0,"1,200",1,"1,000"
2024-07-31,34.7,27.6,39.2,32.1,0.9,0.9,0.0,4.0,20.7,37.8,22.81,5.72,51,45195.45,-,-,3.0,5.0,"4,400",1.0,"1,000",2.0,"1,600",1.0,900,1,900,,,,
2024-08-01,33.4,25.3,36.6,29.6,0.1,0.1,0.0,1.0,23.9,37.1,21.58,5.71,51,45339.81,,,3.0,5.0,"4,400",1.0,"1,000",2.0,"1,600",1.0,900,1,900,,,,
2024-08-02,34.6,24.8,37.5,28.5,0.0,0.0,0.0,0.0,26.7,43.2,21.34,5.72,3,45846.66,,,19.0,43.0,"42,100",12.0,"12,000",17.0,"13,600",8.0,"7,200",5,"4,500",4.0,"4,800",,
2024-08-03,35.0,25.0,38.0,29.6,0.0,0.0,0.0,0.0,25.0,44.6,23.31,6.15,3,45804.02,,,1.0,2.0,"1,800",1.0,"1,000",1.0,800,,,,,,,,
2024-08-04,35.5,25.4,38.8,29.9,0.0,0.0,0.0,0.0,26.1,43.9,25.25,6.75,2,45761.09,,,,,,,,,,,,,,,,,
2024-08-05,35.6,26.4,39.7,31.4,0.2,0.2,0.0,1.0,24.7,41.8,22.65,6.06,51,37231.11,,,4.0,6.0,"5,400",1.0,"1,000",2.0,"1,600",1.0,900,1,900,,,1,"1,000"
2024-08-06,34.2,26.7,38.1,31.3,4.2,4.2,0.0,8.0,15.3,28.4,18.37,4.72,61,40918.8,,,16.0,24.0,"22,400",7.0,"7,000",6.0,"4,800",3.0,"2,700",3,"2,700",1.0,"1,200",4,"4,000"
2024-08-07,32.4,25.0,38.8,29.8,15.2,15.2,0.0,18.0,32.5,52.2,17.09,3.75,65,25246.21,,,2.0,3.0,"2,800",1.0,"1,000",1.0,800,,,,,,,1,"1,000"
2024-08-08,31.8,24.9,37.9,29.3,3.3,3.3,0.0,11.0,18.2,32.8,21.55,4.61,61,44985.26,,,24.0,45.0,"40,800",12.0,"12,000",17.0,"13,600",5.0,"4,500",7,"6,300",2.0,"2,400",2,"2,000"
2024-08-09,33.4,25.1,38.5,29.3,0.9,0.9,0.0,5.0,21.4,31.7,23.49,5.4,53,44835.91,1,2,16.0,40.0,"36,600",11.0,"11,000",14.0,"11,200",7.0,"6,300",5,"4,500",3.0,"3,600",,
2024-08-10,33.6,25.2,37.3,27.6,0.7,0.7,0.0,4.0,27.4,43.9,20.22,5.22,51,40228.55,,,7.0,12.0,"11,000",3.0,"3,000",4.0,"3,200",2.0,"1,800",2,"1,800",1.0,"1,200",,
2024-08-11,34.0,26.0,39.7,31.2,0.0,0.0,0.0,0.0,31.0,46.4,24.48,6.07,3,44407.61,,,,,,,,,,,,,,,,,
2024-08-12,34.6,27.9,38.3,31.6,0.0,0.0,0.0,0.0,38.2,56.9,24.29,6.56,1,45218.36,,,2.0,3.0,"2,700",1.0,"1,000",1.0,800,,,1,900,,,,
2024-08-13,35.3,28.1,38.8,32.2,0.1,0.1,0.0,1.0,29.2,45.0,23.24,6.74,51,44935.97,,,14.0,26.0,"23,500",7.0,"7,000",10.0,"8,000",4.0,"3,600",3,"2,700",1.0,"1,200",1,"1,000"
2024-08-14,35.1,26.9,39.8,32.3,0.5,0.5,0.0,2.0,23.7,37.1,20.71,5.9,51,43996.12,,,14.0,28.0,"25,400",6.0,"6,000",9.0,"7,200",5.0,"4,500",5,"4,500",1.0,"1,200",2,"2,000"
2024-08-15,35.6,26.2,40.0,30.8,1.5,1.5,0.0,2.0,25.1,41.0,22.6,6.02,55,41158.08,,,18.0,34.0,"31,200",9.0,"9,000",11.0,"8,800",5.0,"4,500",5,"4,500",2.0,"2,400",2,"2,000"
2024-08-16,28.5,24.9,30.1,25.3,44.6,44.6,0.0,24.0,45.4,67.7,5.98,2.1,63,1836.66,,,18.0,46.0,"42,800",10.0,"10,000",12.0,"9,600",6.0,"5,400",10,"9,000",2.0,"2,400",6,"6,000"
2024-08-17,33.7,25.0,40.4,27.0,0.1,0.1,0.0,1.0,39.5,59.4,22.98,5.84,51,44249.38,,,10.0,18.0,"16,500",6.0,"6,000",6.0,"4,800",2.0,"1,800",3,"2,700",1.0,"1,200",,
2024-08-18,32.2,25.8,39.1,30.2,1.3,1.3,0.0,8.0,16.9,25.6,18.14,3.97,53,32418.13,,,,,,,,,,,,,,,,,
2024-08-19,31.7,25.6,38.7,29.9,9.3,9.3,0.0,10.0,16.9,30.6,18.91,4.05,63,36234.19,,,13.0,22.0,"20,600",8.0,"8,000",6.0,"4,800",3.0,"2,700",3,"2,700",2.0,"2,400",,
2024-08-20,31.9,25.6,37.0,29.9,1.9,1.9,0.0,3.0,26.5,41.0,22.1,4.87,53,36639.75,,,13.0,24.0,"22,800",7.0,"7,000",6.0,"4,800",3.0,"2,700",3,"2,700",3.0,"3,600",2,"2,000"
2024-08-21,31.5,24.8,38.3,29.5,3.5,3.5,0.0,5.0,21.5,32.4,21.27,4.64,63,41913.86,,,14.0,19.0,"17,500",5.0,"5,000",5.0,"4,000",3.0,"2,700",4,"3,600",1.0,"1,200",1,"1,000"
2024-08-22,29.7,25.5,33.0,30.1,3.1,3.1,0.0,8.0,26.3,39.6,14.84,3.42,61,35310.86,,,11.0,17.0,"15,700",5.0,"5,000",5.0,"4,000",3.0,"2,700",2,"1,800",1.0,"1,200",1,"1,000"
2024-08-23,30.5,26.8,34.1,29.5,0.1,0.1,0.0,1.0,33.0,48.6,18.67,4.54,51,39305.52,,,22.0,55.0,"49,600",12.0,"12,000",21.0,"16,800",8.0,"7,200",10,"9,000",3.0,"3,600",1,"1,000"
2024-08-24,32.1,26.0,38.4,29.8,2.6,2.6,0.0,9.0,29.3,43.9,18.33,4.56,61,32657.7,,,3.0,5.0,"4,400",1.0,"1,000",2.0,"1,600",1.0,900,1,900,,,,
2024-08-25,31.2,25.3,35.7,29.4,0.4,0.4,0.0,4.0,28.9,44.6,22.24,5.0,51,43409.95,,,,,,,,,,,,,,,,,
2024-08-26,31.2,26.5,34.3,29.5,0.0,0.0,0.0,0.0,29.6,43.9,22.91,5.52,3,43105.27,,,12.0,20.0,"18,500",5.0,"5,000",7.0,"5,600",3.0,"2,700",2,"1,800",2.0,"2,400",1,"1,000"
2024-08-27,30.2,25.5,32.5,27.7,0.7,0.7,0.0,5.0,40.2,61.2,19.22,4.47,51,42594.83,,,3.0,5.0,"4,400",1.0,"1,000",2.0,"1,600",1.0,900,1,900,,,,
2024-08-28,29.7,26.0,33.4,29.1,2.0,2.0,0.0,8.0,24.4,37.1,17.16,4.17,55,35287.22,1,2,18.0,33.0,"32,300",8.0,"8,000",12.0,"9,600",5.0,"4,500",6,"5,400",4.0,"4,800",,
2024-08-29,29.9,24.8,34.1,28.3,31.5,31.5,0.0,15.0,21.0,34.6,13.56,3.1,65,24204.18,,,12.0,21.0,"19,000",6.0,"6,000",8.0,"6,400",3.0,"2,700",3,"2,700",1.0,"1,200",,
2024-08-30,27.8,25.9,31.3,27.8,26.9,26.9,0.0,22.0,36.0,52.2,7.17,2.13,63,5090.49,,,1.0,2.0,"1,800",1.0,"1,000",1.0,800,,,,,,,,
2024-08-31,29.2,25.6,32.1,26.8,17.7,17.7,0.0,18.0,36.9,55.4,18.02,3.85,63,34781.13,,,4.0,8.0,"7,200",2.0,"2,000",3.0,"2,400",1.0,900,1,900,,,1,"1,000"
2024-09-01,29.8,24.9,33.8,28.8,18.2,18.2,0.0,17.0,34.6,51.8,14.23,3.19,63,30639.93,,,,,,,,,,,,,,,,,
2024-09-02,30.5,26.4,32.8,28.0,0.0,0.0,0.0,0.0,44.6,64.8,22.05,4.8,3,42238.63,,,12.0,17.0,"16,200",4.0,"4,000",4.0,"3,200",2.0,"1,800",2,"1,800",2.0,"2,400",3,"3,000"
2024-09-03,26.7,23.0,30.3,25.0,38.3,38.3,0.0,20.0,25.9,40.0,9.42,2.13,65,17424.15,,,23.0,31.0,"28,700",7.0,"7,000",9.0,"7,200",4.0,"3,600",5,"4,500",2.0,"2,400",4,"4,000"
2024-09-04,27.7,22.2,29.3,23.5,0.8,0.8,0.0,3.0,23.7,36.4,15.39,3.53,51,30887.2,,,13.0,18.0,"16,800",5.0,"5,000",5.0,"4,000",2.0,"1,800",2,"1,800",1.0,"1,200",3,"3,000"
2024-09-05,29.4,22.1,33.4,23.6,0.0,0.0,0.0,0.0,16.9,24.8,17.46,3.74,3,39375.24,,,15.0,23.0,"21,800",6.0,"6,000",5.0,"4,000",3.0,"2,700",3,"2,700",2.0,"2,400",4,"4,000"
2024-09-06,30.3,23.7,36.8,28.4,0.0,0.0,0.0,0.0,15.3,23.0,20.89,4.33,3,38355.3,1,3,25.0,52.0,"49,900",19.0,"19,000",15.0,"12,000",8.0,"7,200",5,"4,500",6.0,"7,200",,
2024-09-07,30.4,24.2,36.6,29.2,0.0,0.0,0.0,0.0,25.2,37.8,21.38,4.44,3,38919.04,,,15.0,33.0,"30,200",7.0,"7,000",11.0,"8,800",3.0,"2,700",5,"4,500",1.0,"1,200",6,"6,000"
2024-09-08,31.0,24.0,37.1,28.9,0.0,0.0,0.0,0.0,22.3,33.1,19.65,4.28,3,41012.45,,,,,,,,,,,,,,,,,
2024-09-09,31.9,24.1,36.7,27.5,1.5,1.5,0.0,7.0,20.1,31.0,18.96,4.24,53,33701.68,,,16.0,20.0,"18,800",6.0,"6,000",6.0,"4,800",2.0,"1,800",2,"1,800",2.0,"2,400",2,"2,000"
2024-09-10,31.1,23.5,35.8,27.6,0.4,0.4,0.0,3.0,21.9,31.3,20.85,4.44,51,40979.24,,,15.0,25.0,"23,800",7.0,"7,000",6.0,"4,800",4.0,"3,600",2,"1,800",3.0,"3,600",3,"3,000"
2024-09-11,31.5,24.3,37.3,29.1,0.0,0.0,0.0,0.0,24.8,36.7,20.32,4.45,3,40493.32,,,14.0,26.0,"25,300",6.0,"6,000",5.0,"4,000",3.0,"2,700",2,"1,800",4.0,"4,800",6,"6,000"
2024-09-12,31.5,24.9,36.9,30.4,0.0,0.0,0.0,0.0,28.0,42.8,20.13,4.54,3,40365.56,,,13.0,25.0,"24,000",9.0,"9,000",5.0,"4,000",3.0,"2,700",3,"2,700",3.0,"3,600",2,"2,000"
2024-09-13,31.3,26.2,34.0,29.3,0.0,0.0,0.0,0.0,35.5,53.3,20.93,5.28,3,39931.29,,,3.0,8.0,"7,600",2.0,"2,000",2.0,"1,600",1.0,900,1,900,1.0,"1,200",1,"1,000"
2024-09-14,31.8,25.9,34.9,28.9,0.0,0.0,0.0,0.0,37.6,56.5,21.05,5.32,3,40241.31,,,17.0,35.0,"32,200",11.0,"11,000",11.0,"8,800",5.0,"4,500",5,"4,500",2.0,"2,400",1,"1,000"
2024-09-15,31.8,25.8,33.1,28.9,9.3,9.3,0.0,2.0,41.2,61.9,20.35,5.49,63,39822.77,,,,,,,,,,,,,,,,,
2024-09-16,29.7,23.6,32.6,26.1,13.8,13.8,0.0,7.0,31.4,49.0,14.28,3.49,63,31085.94,,,11.0,18.0,"17,800",6.0,"6,000",5.0,"4,000",4.0,"3,600",2,"1,800",2.0,"2,400",,
2024-09-17,31.2,22.7,34.9,25.6,0.1,0.1,0.0,1.0,30.5,45.7,20.13,4.53,51,39645.56,,,2.0,4.0,"3,700",1.0,"1,000",1.0,800,1.0,900,,,,,1,"1,000"
2024-09-18,33.3,25.3,38.5,31.1,9.6,9.6,0.0,5.0,18.8,31.3,17.85,4.12,63,34451.57,,,14.0,17.0,"16,200",4.0,"4,000",4.0,"3,200",2.0,"1,800",2,"1,800",2.0,"2,400",3,"3,000"
2024-09-19,32.1,25.5,38.1,30.4,0.0,0.0,0.0,0.0,17.4,25.6,17.02,3.75,3,36000.0,,,17.0,32.0,"29,000",8.0,"8,000",12.0,"9,600",4.0,"3,600",6,"5,400",2.0,"2,400",0,0
2024-09-20,33.0,26.2,39.2,31.0,0.0,0.0,0.0,0.0,21.9,38.2,16.82,4.04,3,32475.71,2,5,27.0,69.0,"64,900",21.0,"21,000",20.0,"16,000",9.0,"8,100",6,"5,400",7.0,"8,400",6,"6,000"
2024-09-21,32.3,25.1,36.5,28.5,0.0,0.0,0.0,0.0,29.1,44.3,12.2,3.55,3,24940.21,,,9.0,15.0,"13,800",4.0,"4,000",5.0,"4,000",2.0,"1,800",2,"1,800",1.0,"1,200",1,"1,000"
2024-09-22,30.0,24.0,33.4,26.7,2.5,2.5,0.0,7.0,51.7,76.7,8.22,2.32,53,7994.06,,,,,,,,,,,,,,,,,
2024-09-23,26.2,19.5,26.2,18.4,2.5,2.5,0.0,7.0,32.1,48.2,10.75,3.28,53,23255.59,,,9.0,17.0,"16,000",6.0,"6,000",5.0,"4,000",2.0,"1,800",2,"1,800",2.0,"2,400",,
2024-09-24,24.7,17.0,23.0,15.3,0.0,0.0,0.0,0.0,32.1,48.6,15.98,4.12,3,36898.2,,,10.0,12.0,"11,200",4.0,"4,000",3.0,"2,400",2.0,"1,800",2,"1,800",1.0,"1,200",,
2024-09-25,23.6,16.4,23.1,13.6,0.0,0.0,0.0,0.0,33.9,50.8,6.84,2.76,3,10572.63,,,12.0,15.0,"13,300",4.0,"4,000",6.0,"4,800",2.0,"1,800",3,"2,700",,,,
2024-09-26,28.0,20.8,30.7,20.1,0.0,0.0,0.0,0.0,24.2,34.6,11.53,2.9,3,21787.78,,,18.0,29.0,"27,400",7.0,"7,000",7.0,"5,600",4.0,"3,600",4,"3,600",3.0,"3,600",4,"4,000"
2024-09-27,24.8,21.7,27.4,24.6,36.5,36.5,0.0,14.0,22.5,34.6,4.35,1.09,65,0.0,,,16.0,31.0,"30,000",11.0,"11,000",8.0,"6,400",5.0,"4,500",5,"4,500",3.0,"3,600",,
2024-09-28,26.9,22.0,29.1,24.0,0.2,0.2,0.0,2.0,17.6,27.4,9.71,2.42,51,15686.94,,,13.0,23.0,"21,600",8.0,"8,000",7.0,"5,600",2.0,"1,800",2,"1,800",2.0,"2,400",2,"2,000"
2024-09-29,25.3,20.8,25.3,21.2,0.5,0.5,0.0,2.0,24.1,35.6,9.23,2.66,51,14843.48,,,,,,,,,,,,,,,,,
2024-09-30,25.5,19.7,25.6,20.0,0.7,0.7,0.0,5.0,19.1,30.6,10.38,2.7,51,23383.27,,,2.0,4.0,"3,700",1.0,"1,000",1.0,800,1.0,900,-,,,,1,"1,000"
2024-09-30,25.5,19.7,25.6,20.0,0.7,0.7,0.0,5.0,19.1,30.6,10.38,2.7,51,23383.27,,,2.0,4.0,"3,700",1.0,"1,000",1.0,800,1.0,900,-,,,,1,"1,000"
2024-10-01,26.1,18.9,28.4,18.7,0.1,0.1,0.0,1.0,25.0,37.4,7.21,2.21,51,10493.3,,,2.0,3.0,"2,800",1.0,"1,000",1.0,800,,,,,,,1,"1,000"
2024-10-02,29.9,20.3,32.3,21.9,0.1,0.1,0.0,1.0,35.3,53.6,18.54,4.06,51,39432.11,,,18.0,30.0,"28,400",8.0,"8,000",8.0,"6,400",4.0,"3,600",4,"3,600",4.0,"4,800",2,"2,000"
2024-10-03,26.1,21.7,27.7,22.0,5.3,5.3,0.0,15.0,30.2,43.9,11.01,2.81,55,18000.0,,,2.0,4.0,"3,700",1.0,"1,000",1.0,800,1.0,900,,,,,1,"1,000"
2024-10-04,27.6,23.1,28.1,24.7,0.5,0.5,0.0,2.0,35.8,53.6,10.53,2.74,51,26907.52,,,30.0,75.0,"71,200",21.0,"21,000",18.0,"14,400",13.0,"11,700",9,"8,100",10.0,"12,000",4,"4,000"
2024-10-05,23.2,19.7,26.2,20.6,18.9,18.9,0.0,17.0,25.9,39.2,3.21,1.09,63,0.0,,,1.0,2.0,"2,000",1.0,"1,000",,,,,,,,,1,"1,000"
2024-10-06,26.0,19.6,28.0,20.9,1.8,1.8,0.0,3.0,17.2,27.4,9.91,2.12,61,19128.8,,,,,,,,,,,,,,,,,
2024-10-07,27.5,19.7,28.8,22.5,0.0,0.0,0.0,0.0,38.0,56.5,14.85,3.12,3,31874.13,1,2,15.0,21.0,"19,600",7.0,"7,000",6.0,"4,800",4.0,"3,600",2,"1,800",2.0,"2,400",,
2024-10-08,22.3,16.2,25.2,14.4,13.2,13.2,0.0,14.0,26.9,40.7,3.38,1.34,63,0.0,,,1.0,2.0,"1,800",1.0,"1,000",1.0,800,,,,,,,,
2024-10-09,17.8,15.4,15.6,12.6,36.9,36.9,0.0,18.0,30.8,45.4,3.12,1.29,63,0.0,,,1.0,1.0,"1,000",,,,,,,,,,,1,"1,000"
2024-10-10,20.4,15.0,18.2,11.4,1.2,1.2,0.0,6.0,28.9,43.6,8.2,2.44,51,24236.5,,,17.0,22.0,"20,600",7.0,"7,000",6.0,"4,800",3.0,"2,700",3,"2,700",2.0,"2,400",1,"1,000"
2024-10-11,22.8,12.8,24.0,11.2,0.0,0.0,0.0,0.0,17.9,25.9,16.53,3.01,3,36072.11,,,26.0,47.0,"44,400",13.0,"13,000",11.0,"8,800",8.0,"7,200",4,"3,600",4.0,"4,800",7,"7,000"
2024-10-12,24.0,15.1,24.8,14.3,0.0,0.0,0.0,0.0,16.0,25.2,16.7,3.12,1,38062.61,,,8.0,16.0,"15,200",4.0,"4,000",4.0,"3,200",3.0,"2,700",1,900,2.0,"2,400",2,"2,000"
2024-10-13,25.1,15.8,24.2,15.2,0.0,0.0,0.0,0.0,18.5,31.0,16.53,3.34,1,37926.32,,,,,,,,,,,,,,,,,
2024-10-14,24.2,14.8,24.0,13.3,0.2,0.2,0.0,2.0,20.5,33.1,14.84,3.0,51,35433.27,,,9.0,14.0,"12,800",4.0,"4,000",5.0,"4,000",2.0,"1,800",2,"1,800",1.0,"1,200",,
2024-10-15,25.5,16.0,26.0,15.8,0.0,0.0,0.0,0.0,14.8,21.2,16.5,3.17,3,36952.42,,,18.0,32.0,"30,300",9.0,"9,000",8.0,"6,400",4.0,"3,600",3,"2,700",3.0,"3,600",5,"5,000"
2024-10-16,25.7,16.6,28.0,17.1,0.0,0.0,0.0,0.0,11.3,16.2,11.97,2.31,3,27313.1,,,2.0,4.0,"3,600",1.0,"1,000",1.0,800,1.0,900,1,900,,,-,
2024-10-17,24.8,19.8,25.5,21.4,1.6,1.6,0.0,7.0,19.5,31.3,9.32,2.05,53,20531.25,,,2.0,2.0,"1,800",1.0,"1,000",1.0,800,,,,,,,-,
2024-10-18,24.1,19.1,27.1,19.9,5.5,5.5,0.0,12.0,17.2,28.8,7.96,1.59,63,16045.74,,,4.0,9.0,"8,500",3.0,"3,000",2.0,"1,600",2.0,"1,800",1,900,1.0,"1,200",-,
2024-10-19,28.0,20.6,29.9,17.6,1.4,1.4,0.0,4.0,37.2,54.4,12.09,3.02,53,30787.52,,,1.0,2.0,"1,800",1.0,"1,000",1.0,800,,,,,,,-,
2024-10-20,20.1,12.0,17.0,9.2,1.3,1.3,0.0,4.0,32.4,52.2,11.7,3.32,53,33869.4,,,,,,,,,,,,,,,,,
2024-10-21,19.5,9.5,17.7,5.3,0.0,0.0,0.0,0.0,26.2,42.1,12.51,2.68,3,32938.94,,,2.0,4.0,"3,700",1.0,"1,000",1.0,800,1.0,900,,,,,1,"1,000"
2024-10-22,23.9,12.8,24.8,10.0,0.0,0.0,0.0,0.0,20.3,33.8,13.08,2.59,3,31263.04,,,9.0,18.0,"16,900",5.0,"5,000",5.0,"4,000",3.0,"2,700",2,"1,800",2.0,"2,400",1,"1,000"
2024-10-23,25.5,16.9,27.0,18.1,0.3,0.3,0.0,1.0,37.2,54.0,8.37,1.9,51,16789.5,,,16.0,30.0,"28,500",11.0,"11,000",6.0,"4,800",6.0,"5,400",3,"2,700",3.0,"3,600",1,"1,000"
2024-10-24,26.5,19.3,28.8,19.4,0.2,0.2,0.0,2.0,24.0,43.2,11.78,2.59,51,27133.69,,,11.0,21.0,"19,800",7.0,"7,000",5.0,"4,000",3.0,"2,700",3,"2,700",2.0,"2,400",1,"1,000"
2024-10-25,21.0,17.7,20.7,17.1,3.3,3.3,0.0,7.0,20.1,29.2,3.19,1.41,53,0.0,2,4,24.0,58.0,"55,200",17.0,"17,000",12.0,"9,600",7.0,"6,300",7,"6,300",5.0,"6,000",10,"10,000"
2024-10-26,22.2,15.8,22.4,14.6,0.1,0.1,0.0,1.0,16.5,25.9,5.71,1.48,51,144.24,,,15.0,29.0,"27,400",9.0,"9,000",7.0,"5,600",5.0,"4,500",3,"2,700",3.0,"3,600",2,"2,000"
2024-10-27,23.5,15.2,25.5,15.0,0.6,0.6,0.0,3.0,17.4,23.8,12.57,2.27,51,33048.44,,,,,,,,,,,,,,,,,
2024-10-28,21.0,17.7,22.3,17.1,15.4,15.4,0.0,14.0,23.5,34.9,4.14,1.1,63,2011.56,,,20.0,26.0,"24,300",10.0,"10,000",7.0,"5,600",4.0,"3,600",3,"2,700",2.0,"2,400",,
2024-10-29,18.5,13.3,17.0,10.1,29.7,29.7,0.0,14.0,27.0,41.8,6.09,1.72,63,10106.39,,,24.0,47.0,"44,700",15.0,"15,000",10.0,"8,000",7.0,"6,300",6,"5,400",5.0,"6,000",4,"4,000"
2024-10-30,22.2,13.4,22.5,8.9,11.4,11.4,0.0,11.0,42.5,63.7,8.49,2.67,61,18351.28,,,15.0,21.0,"19,700",6.0,"6,000",6.0,"4,800",2.0,"1,800",3,"2,700",2.0,"2,400",2,"2,000"
2024-10-31,20.0,10.7,19.8,9.0,0.0,0.0,0.0,0.0,29.1,44.6,13.1,2.53,3,34482.6,,,18.0,31.0,"29,500",9.0,"9,000",7.0,"5,600",4.0,"3,600",3,"2,700",3.0,"3,600",5,"5,000"
2024-11-01,21.5,10.6,22.3,9.5,5.6,5.6,0.0,7.0,13.5,22.3,11.26,1.89,55,25611.65,,,21.0,44.0,"42,200",15.0,"15,000",11.0,"8,800",7.0,"6,300",3,"2,700",7.0,"8,400",1,"1,000"
2024-11-02,17.9,15.1,18.4,12.5,58.2,58.2,0.0,24.0,36.4,60.8,3.22,0.79,65,0.0,,,12.0,27.0,"25,500",9.0,"9,000",7.0,"5,600",4.0,"3,600",3,"2,700",3.0,"3,600",1,"1,000"
2024-11-03,20.8,13.2,19.0,12.0,0.0,0.0,0.0,0.0,24.8,38.5,13.5,2.76,3,33688.87,,,,,,,,,,,,,,,,,
2024-11-04,21.9,9.4,20.1,8.0,0.0,0.0,0.0,0.0,27.6,41.8,13.31,2.61,2,34068.61,,,3.0,5.0,"4,400",1.0,"1,000",2.0,"1,600",1.0,900,1,900,,,,
2024-11-05,19.4,11.7,17.2,9.8,0.0,0.0,0.0,0.0,24.1,34.9,9.96,2.04,3,26017.72,,,2.0,4.0,"3,900",1.0,"1,000",1.0,800,1.0,900,,,1.0,"1,200",,
2024-11-06,15.5,11.6,13.1,9.2,0.2,0.2,0.0,2.0,24.8,38.9,4.94,1.41,51,4574.42,,,2.0,4.0,"3,900",1.0,"1,000",1.0,800,1.0,900,,,1.0,"1,200",,
2024-11-07,15.7,8.9,9.3,3.3,0.0,0.0,0.0,0.0,40.3,60.1,13.38,3.07,3,33518.89,,,19.0,32.0,"29,900",7.0,"7,000",9.0,"7,200",5.0,"4,500",4,"3,600",3.0,"3,600",4,"4,000"
2024-11-08,15.0,6.6,12.9,2.3,0.0,0.0,0.0,0.0,30.7,43.9,12.62,2.23,3,32683.63,2,8,15.0,38.0,"37,100",9.0,"9,000",7.0,"5,600",7.0,"6,300",4,"3,600",8.0,"9,600",3,"3,000"
2024-11-09,16.5,5.5,13.0,1.7,0.0,0.0,0.0,0.0,17.7,29.2,12.27,2.07,3,33180.48,,,10.0,18.0,"16,800",6.0,"6,000",6.0,"4,800",2.0,"1,800",2,"1,800",2.0,"2,400",,
2024-11-10,17.6,9.0,16.6,5.0,0.0,0.0,0.0,0.0,20.3,32.4,7.85,1.72,3,18230.05,,,,,,,,,,,,,,,,,
2024-11-11,21.4,13.1,21.2,11.3,10.4,10.4,0.0,9.0,19.3,29.9,7.66,1.48,63,15491.2,,,14.0,22.0,"21,400",7.0,"7,000",6.0,"4,800",2.0,"1,800",2,"1,800",5.0,"6,000",,
2024-11-12,20.5,9.3,19.6,7.9,0.1,0.1,0.0,1.0,17.5,23.8,11.34,1.88,51,32852.2,,,9.0,11.0,"11,300",5.0,"5,000",3.0,"2,400",2.0,"1,800",1,900,1.0,"1,200",,
2024-11-13,18.9,13.6,17.4,12.0,0.0,0.0,0.0,0.0,14.1,29.9,12.66,2.36,3,32753.56,,,15.0,30.0,"28,600",9.0,"9,000",8.0,"6,400",3.0,"2,700",3,"2,700",4.0,"4,800",3,"3,000"
2024-11-14,18.8,11.9,18.4,10.0,0.0,0.0,0.0,0.0,10.1,24.1,10.27,1.77,3,27005.07,,,15.0,25.0,"25,000",9.0,"9,000",8.0,"6,400",5.0,"4,500",3,"2,700",2.0,"2,400",,
2024-11-15,18.6,14.0,19.8,13.6,5.9,5.9,0.0,7.0,10.0,29.2,6.56,1.12,61,17248.19,,,24.0,52.0,"51,100",20.0,"20,000",13.0,"10,400",7.0,"6,300",4,"3,600",9.0,"10,800",,
2024-11-16,19.6,13.6,19.6,12.1,0.3,0.3,0.0,2.0,11.9,29.2,7.46,1.52,51,13902.68,,,10.0,24.0,"22,900",6.0,"6,000",6.0,"4,800",4.0,"3,600",3,"2,700",4.0,"4,800",1,"1,000"
2024-11-17,22.3,14.6,24.2,13.8,0.7,0.7,0.0,4.0,12.1,28.4,11.07,1.88,51,32400.0,,,,,,,,,,,,,,,,,
2024-11-18,17.7,9.8,15.4,5.1,1.6,1.6,0.0,8.0,20.5,44.6,2.74,1.15,51,0.0,,,11.0,17.0,"15,900",5.0,"5,000",5.0,"4,000",3.0,"2,700",2,"1,800",2.0,"2,400",,
2024-11-19,11.4,6.3,8.0,2.8,0.0,0.0,0.0,0.0,21.2,47.5,12.24,2.22,3,32433.91,,,2.0,3.0,"2,800",1.0,"1,000",1.0,800,,,,,,,1,"1,000"
2024-11-20,7.8,5.3,5.2,2.1,3.8,3.8,0.0,14.0,12.7,26.6,1.82,0.55,55,0.0,,,14.0,27.0,"25,800",9.0,"9,000",6.0,"4,800",3.0,"2,700",3,"2,700",3.0,"3,600",3,"3,000"
2024-11-21,12.8,8.0,12.5,5.0,9.9,9.9,0.0,15.0,14.8,30.2,2.86,0.56,61,301.92,,,1.0,2.0,"2,000",1.0,"1,000",,,,,,,,,1,"1,000"
2024-11-22,16.7,6.2,16.1,4.6,0.0,0.0,0.0,0.0,16.1,37.1,11.14,1.65,3,32400.0,,,20.0,37.0,"35,100",12.0,"12,000",8.0,"6,400",7.0,"6,300",4,"3,600",4.0,"4,800",2,"2,000"
2024-11-23,14.4,8.1,9.7,5.1,0.0,0.0,0.0,0.0,21.1,52.2,11.93,2.69,3,32400.0,,,2.0,4.0,"3,900",1.0,"1,000",1.0,800,1.0,900,,,1.0,"1,200",,
2024-11-24,12.9,6.8,10.9,4.4,0.0,0.0,0.0,0.0,10.2,22.3,10.61,1.64,3,26515.46,,,,,,,,,,,,,,,,,
2024-11-25,12.5,5.3,10.6,2.4,0.0,0.0,0.0,0.0,9.6,19.8,11.74,1.57,0,32400.0,,,3.0,5.0,"5,800",2.0,"2,000",1.0,800,1.0,900,1,900,1.0,"1,200",,
2024-11-26,13.7,4.4,12.7,1.5,4.5,4.5,0.0,4.0,10.2,32.0,9.15,1.24,61,24886.83,,,18.0,33.0,"30,600",10.0,"10,000",11.0,"8,800",5.0,"4,500",3,"2,700",3.0,"3,600",1,"1,000"
2024-11-27,18.7,8.6,19.9,6.1,43.6,43.6,0.0,6.0,18.7,39.6,10.74,1.83,65,32400.0,,,23.0,36.0,"33,700",10.0,"10,000",10.0,"8,000",6.0,"5,400",3,"2,700",3.0,"3,600",4,"4,000"
2024-11-28,15.8,8.6,13.6,6.1,0.0,0.0,0.0,0.0,13.1,30.6,11.65,2.21,0,32400.0,,,14.0,17.0,"16,100",6.0,"6,000",3.0,"2,400",3.0,"2,700",2,"1,800",1.0,"1,200",2,"2,000"
2024-11-29,14.2,6.9,11.6,4.4,0.0,0.0,0.0,0.0,13.1,30.6,11.27,1.9,3,32388.92,,,24.0,57.0,"53,900",18.0,"18,000",14.0,"11,200",9.0,"8,100",8,"7,200",7.0,"8,400",1,"1,000"
2024-11-30,14.5,5.5,12.3,3.4,0.0,0.0,0.0,0.0,10.1,24.5,11.23,1.62,1,32374.44,,,2.0,3.0,"2,800",1.0,"1,000",1.0,800,,,,,,,1,"1,000"
2024-12-01,15.1,6.2,13.5,4.3,0.0,0.0,0.0,0.0,11.0,22.3,11.23,1.66,0,32361.64,,,,,,,,,,,,,,,,,
2024-12-02,15.3,6.5,14.5,3.5,0.0,0.0,0.0,0.0,10.6,22.3,10.75,1.49,3,32295.06,,-,3.0,5.0,"4,400",1.0,"1,000",2.0,"1,600",1.0,900,1,900,,,,
2024-12-03,14.9,5.7,14.0,3.8,0.0,0.0,0.0,0.0,8.7,18.0,10.95,1.46,2,32231.08,,-,21.0,28.0,"26,900",8.0,"8,000",7.0,"5,600",4.0,"3,600",3,"2,700",5.0,"6,000",1,"1,000"
2024-12-04,16.0,7.9,14.7,5.5,0.0,0.0,0.0,0.0,9.2,24.1,10.56,1.55,3,31802.78,,-,2.0,3.0,"2,700",1.0,"1,000",1.0,800,1.0,900,,,,,,
2024-12-05,14.6,8.1,13.0,6.1,1.3,1.3,0.0,4.0,10.0,19.8,9.25,1.4,53,25134.97,,-,12.0,17.0,"16,100",4.0,"4,000",4.0,"3,200",3.0,"2,700",2,"1,800",2.0,"2,400",2,"2,000"
2024-12-06,14.9,5.7,12.7,3.7,0.0,0.0,0.0,0.0,14.2,34.6,10.97,1.79,3,32055.7,,-,30.0,74.0,"71,700",22.0,"22,000",13.0,"10,400",9.0,"8,100",8,"7,200",10.0,"12,000",12,"12,000"
2024-12-07,10.4,4.9,7.6,2.1,0.0,0.0,0.0,0.0,10.7,23.0,8.16,1.28,3,25784.35,,,3.0,6.0,"6,600",2.0,"2,000",2.0,"1,600",1.0,900,1,900,1.0,"1,200",,
2024-12-08,11.0,3.7,8.0,1.1,0.0,0.0,0.0,0.0,21.4,54.4,10.53,1.73,3,30881.27,,,,,,,,,,,,,,,,,
2024-12-09,10.8,4.0,6.9,0.2,0.0,0.0,0.0,0.0,13.5,35.6,10.91,1.9,1,31907.19,,,19.0,27.0,"26,400",8.0,"8,000",6.0,"4,800",4.0,"3,600",2,"1,800",6.0,"7,200",1,"1,000"
2024-12-10,12.4,4.8,9.5,1.5,0.0,0.0,0.0,0.0,12.2,28.1,10.74,1.63,3,31864.12,,,11.0,14.0,"13,000",3.0,"3,000",4.0,"3,200",2.0,"1,800",2,"1,800",1.0,"1,200",2,"2,000"
2024-12-11,11.9,3.9,9.4,0.5,0.0,0.0,0.0,0.0,16.7,37.1,9.79,1.69,3,29145.25,,,22.0,42.0,"41,100",11.0,"11,000",8.0,"6,400",7.0,"6,300",2,"1,800",8.0,"9,600",6,"6,000"
2024-12-12,9.2,2.2,4.0,-1.7,0.0,0.0,0.0,0.0,18.3,43.6,11.03,2.2,2,31788.15,,,15.0,23.0,"22,500",8.0,"8,000",5.0,"4,000",3.0,"2,700",2,"1,800",5.0,"6,000",,
2024-12-13,8.4,1.6,5.7,-1.7,0.1,0.1,0.0,1.0,10.1,22.3,6.91,1.03,51,16788.47,,,21.0,38.0,"37,200",13.0,"13,000",10.0,"8,000",7.0,"6,300",3,"2,700",6.0,"7,200",,
2024-12-14,10.5,2.0,5.0,-2.5,0.0,0.0,0.0,0.0,21.5,48.6,10.41,2.04,3,28792.65,,,1.0,2.0,"2,000",1.0,"1,000",,,,,,,,,1,"1,000"
2024-12-15,9.7,1.1,7.6,-2.3,0.0,0.0,0.0,0.0,9.2,20.2,10.81,1.39,0,31692.58,,,,,,,,,,,,,,,,,
2024-12-16,11.7,2.7,9.2,-0.8,0.0,0.0,0.0,0.0,9.3,17.6,10.6,1.45,0,31653.48,,-,17.0,25.0,"24,300",7.0,"7,000",5.0,"4,000",4.0,"3,600",3,"2,700",5.0,"6,000",1,"1,000"
2024-12-17,12.2,1.7,9.3,-0.8,0.0,0.0,0.0,0.0,8.3,18.0,10.57,1.45,1,31616.54,,-,22.0,30.0,"28,800",10.0,"10,000",7.0,"5,600",6.0,"5,400",2,"1,800",5.0,"6,000",,
2024-12-18,11.4,2.5,8.4,-0.5,0.0,0.0,0.0,0.0,13.0,29.5,10.24,1.66,3,31581.92,,-,3.0,4.0,"3,900",1.0,"1,000",1.0,800,1.0,900,,,1.0,"1,200",,
2024-12-19,7.5,2.6,3.4,-1.0,3.7,0.6,2.17,6.0,18.5,42.1,9.6,1.65,73,25200.0,,-,17.0,24.0,"22,300",6.0,"6,000",8.0,"6,400",4.0,"3,600",3,"2,700",3.0,"3,600",,
2024-12-20,10.1,2.5,7.1,-1.2,0.0,0.0,0.0,0.0,12.7,25.6,9.99,1.56,3,28509.38,,-,20.0,47.0,"44,700",17.0,"17,000",12.0,"9,600",7.0,"6,300",4,"3,600",6.0,"7,200",1,"1,000"
2024-12-21,14.2,1.6,9.9,-2.0,0.0,0.0,0.0,0.0,24.7,55.1,9.85,1.87,3,30833.25,,-,12.0,26.0,"25,900",10.0,"10,000",6.0,"4,800",4.0,"3,600",3,"2,700",4.0,"4,800",,
2024-12-22,9.5,3.2,5.7,-1.2,0.0,0.0,0.0,0.0,24.6,59.0,10.77,2.51,0,31458.39,,,,,,,,,,,,,,,,,
2024-12-23,9.6,2.1,6.1,-2.6,0.0,0.0,0.0,0.0,17.1,37.4,10.37,1.91,1,31430.96,,-,18.0,25.0,"24,100",6.0,"6,000",5.0,"4,000",4.0,"3,600",3,"2,700",4.0,"4,800",3,"3,000"
2024-12-24,10.5,2.0,6.5,-2.1,0.0,0.0,0.0,0.0,15.5,36.0,10.63,1.94,2,31405.06,,-,15.0,30.0,"28,600",9.0,"9,000",8.0,"6,400",3.0,"2,700",3,"2,700",4.0,"4,800",3,"3,000"
2024-12-25,9.8,3.5,6.6,-0.8,0.0,0.0,0.0,0.0,14.2,31.0,8.58,1.54,3,22762.38,,-,18.0,27.0,"25,900",7.0,"7,000",7.0,"5,600",4.0,"3,600",3,"2,700",5.0,"6,000",1,"1,000"
2024-12-26,13.3,3.3,10.4,-0.2,0.0,0.0,0.0,0.0,11.5,25.6,9.98,1.63,3,31358.15,,-,16.0,22.0,"21,400",7.0,"7,000",5.0,"4,000",3.0,"2,700",1,900,4.0,"4,800",2,"2,000"
2024-12-27,10.2,4.7,7.1,1.4,0.0,0.0,0.0,0.0,16.5,38.5,10.48,1.81,3,31337.28,,-,26.0,56.0,"56,300",20.0,"20,000",15.0,"12,000",9.0,"8,100",6,"5,400",9.0,"10,800",,
2024-12-28,9.7,1.4,6.9,-1.8,0.0,0.0,0.0,0.0,10.8,31.3,9.8,1.51,3,29063.21,,-,5.0,9.0,"8,600",4.0,"4,000",2.0,"1,600",1.0,900,1,900,1.0,"1,200",,
2024-12-29,10.3,0.7,7.6,-1.9,0.0,0.0,0.0,0.0,18.7,42.1,10.63,1.73,1,31301.07,,,,,,,,,,,,,,,,,
2024-12-30,9.0,2.7,5.3,-1.1,0.0,0.0,0.0,0.0,11.8,25.9,8.23,1.46,3,29587.8,,-,12.0,23.0,"22,200",7.0,"7,000",5.0,"4,000",4.0,"3,600",2,"1,800",4.0,"4,800",1,"1,000"
2024-12-31,12.5,2.0,10.2,-0.3,0.0,0.0,0.0,0.0,28.1,63.0,10.26,1.99,3,30409.52,,-,12.0,15.0,"14,500",4.0,"4,000",6.0,"4,800",2.0,"1,800",3,"2,700",1.0,"1,200",,
2025-01-01,10.9,4.1,6.5,-0.8,0.0,0.0,0.0,0.0,14.3,36.7,11.0,2.25,0,31304.72,,,14.0,27.0,"25,400",7.0,"7,000",6.0,"4,800",4.0,"3,600",4,"3,600",2.0,"2,400",4,"4,000"
2025-01-02,12.9,1.9,10.2,-1.9,0.0,0.0,0.0,0.0,10.5,22.0,10.74,1.71,3,31252.67,,,13.0,20.0,"19,400",6.0,"6,000",4.0,"3,200",2.0,"1,800",2,"1,800",3.0,"3,600",3,"3,000"
2025-01-03,7.1,3.1,4.3,-0.5,1.9,1.9,0.0,7.0,12.0,28.1,2.74,0.71,53,445.93,,,33.0,68.0,"65,500",19.0,"19,000",19.0,"15,200",8.0,"7,200",5,"4,500",13.0,"15,600",4,"4,000"
2025-01-04,8.2,1.3,4.4,-2.4,0.0,0.0,0.0,0.0,10.3,26.6,10.39,1.33,3,25304.2,,,3.0,5.0,"4,400",1.0,"1,000",2.0,"1,600",1.0,900,1,900,,,,
2025-01-05,8.8,-0.7,5.9,-4.6,0.0,0.0,0.0,0.0,9.2,18.7,10.2,1.3,3,31239.47,,,,,,,,,,,,,,,,,
2025-01-06,9.3,0.5,7.1,-2.7,23.0,23.0,0.0,8.0,17.1,49.3,6.31,0.84,63,19974.2,,,2.0,4.0,"3,900",1.0,"1,000",1.0,800,1.0,900,,,1.0,"1,200",,
2025-01-07,11.2,4.2,9.5,1.8,0.2,0.2,0.0,1.0,12.9,28.8,6.79,1.07,51,26113.95,,,15.0,20.0,"18,700",6.0,"6,000",6.0,"4,800",3.0,"2,700",2,"1,800",2.0,"2,400",1,"1,000"
2025-01-08,9.5,2.1,6.5,-2.0,0.0,0.0,0.0,0.0,11.5,28.8,10.68,1.44,3,31593.99,,,14.0,18.0,"17,200",4.0,"4,000",5.0,"4,000",3.0,"2,700",1,900,3.0,"3,600",2,"2,000"
2025-01-09,10.7,1.5,7.1,-2.4,0.0,0.0,0.0,0.0,14.7,36.4,11.29,1.74,3,31523.48,,,2.0,4.0,"3,900",1.0,"1,000",1.0,800,1.0,900,,,1.0,"1,200",,
2025-01-10,7.5,-0.9,2.1,-5.4,0.0,0.0,0.0,0.0,16.8,41.0,11.67,1.9,3,31892.22,,,21.0,54.0,"52,700",18.0,"18,000",10.0,"8,000",7.0,"6,300",4,"3,600",9.0,"10,800",6,"6,000"
2025-01-11,9.4,-0.1,5.3,-3.9,0.0,0.0,0.0,0.0,10.2,23.4,11.51,1.55,0,31919.99,,,2.0,4.0,"3,900",1.0,"1,000",1.0,800,1.0,900,,,1.0,"1,200",,
2025-01-12,6.3,0.2,3.9,-3.6,0.1,0.1,0.0,1.0,9.4,20.2,5.49,0.72,51,7200.0,,,,,,,,,,,,,,,,,
2025-01-13,10.8,1.7,6.5,-1.3,0.0,0.0,0.0,0.0,23.3,56.2,11.57,1.9,3,32177.01,,,9.0,15.0,"13,800",5.0,"5,000",5.0,"4,000",2.0,"1,800",2,"1,800",1.0,"1,200",,
2025-01-14,10.6,0.5,8.2,-2.8,0.0,0.0,0.0,0.0,7.9,17.3,11.56,1.36,1,31905.47,,,18.0,35.0,"33,800",11.0,"11,000",7.0,"5,600",5.0,"4,500",3,"2,700",5.0,"6,000",4,"4,000"
2025-01-15,12.2,1.3,9.5,-1.4,0.3,0.3,0.0,1.0,20.4,46.8,10.35,1.87,51,31933.02,,,10.0,13.0,"12,500",4.0,"4,000",3.0,"2,400",2.0,"1,800",1,900,2.0,"2,400",1,"1,000"
2025-01-16,6.3,1.1,2.9,-2.8,0.0,0.0,0.0,0.0,18.8,45.4,7.51,1.31,3,17233.07,,,15.0,30.0,"29,200",10.0,"10,000",7.0,"5,600",4.0,"3,600",2,"1,800",6.0,"7,200",1,"1,000"
2025-01-17,6.9,0.9,0.9,-3.5,0.0,0.0,0.0,0.0,21.4,52.2,11.7,2.11,1,32440.32,,,22.0,42.0,"39,100",12.0,"12,000",14.0,"11,200",6.0,"5,400",5,"4,500",5.0,"6,000",,
2025-01-18,7.7,1.2,4.3,-3.5,0.0,0.0,0.0,0.0,18.7,42.1,11.96,1.76,1,32829.14,,,11.0,25.0,"24,000",7.0,"7,000",6.0,"4,800",3.0,"2,700",3,"2,700",4.0,"4,800",2,"2,000"
2025-01-19,8.3,0.1,4.9,-3.8,1.9,1.9,0.0,5.0,11.5,22.3,7.89,1.11,53,18000.0,,,,,,,,,,,,,,,,,
2025-01-20,12.9,4.8,10.9,2.0,1.5,1.5,0.0,6.0,11.3,24.8,10.8,1.61,51,26423.17,2,6,19.0,28.0,"26,700",7.0,"7,000",7.0,"5,600",4.0,"3,600",3,"2,700",4.0,"4,800",3,"3,000"
2025-01-21,11.9,6.0,9.2,3.2,0.1,0.1,0.0,1.0,10.3,26.6,8.84,1.35,51,26280.94,,,2.0,4.0,"3,700",1.0,"1,000",1.0,800,1.0,900,,,,,1,"1,000"
2025-01-22,12.2,2.6,8.5,-1.3,0.0,0.0,0.0,0.0,12.8,31.7,12.38,1.87,0,33347.06,,,8.0,15.0,"14,300",5.0,"5,000",4.0,"3,200",2.0,"1,800",1,900,2.0,"2,400",1,"1,000"
2025-01-23,12.1,1.5,9.8,-2.0,0.0,0.0,0.0,0.0,9.3,21.6,11.43,1.5,2,33446.77,,,2.0,3.0,"3,000",1.0,"1,000",1.0,800,,,,,1.0,"1,200",,
2025-01-24,13.0,3.0,10.7,-0.4,5.5,5.5,0.0,7.0,11.3,23.8,12.39,1.69,63,33548.05,3,7,22.0,46.0,"44,300",15.0,"15,000",10.0,"8,000",7.0,"6,300",4,"3,600",7.0,"8,400",3,"3,000"
2025-01-25,6.2,4.5,3.3,0.1,1.5,1.5,0.0,6.0,12.9,29.2,2.54,0.75,53,0.0,,,9.0,20.0,"19,200",6.0,"6,000",5.0,"4,000",2.0,"1,800",2,"1,800",3.0,"3,600",2,"2,000"
2025-01-26,10.3,1.3,5.0,-3.1,0.0,0.0,0.0,0.0,18.7,46.1,13.0,2.19,1,33754.82,,,,,,,,,,,,,,,,,
2025-01-27,9.0,0.9,5.6,-2.3,0.0,0.0,0.0,0.0,13.2,30.6,9.85,1.45,3,26260.39,,,14.0,25.0,"23,400",8.0,"8,000",7.0,"5,600",3.0,"2,700",3,"2,700",2.0,"2,400",2,"2,000"
2025-01-28,11.4,2.5,8.9,-0.9,0.2,0.2,0.0,2.0,13.2,28.4,12.21,1.76,51,33967.6,,,9.0,13.0,"12,500",4.0,"4,000",3.0,"2,400",2.0,"1,800",1,900,2.0,"2,400",1,"1,000"
2025-01-29,11.3,2.7,6.6,-0.2,0.5,0.5,0.0,1.0,17.8,43.9,13.24,2.14,53,34077.65,,,3.0,4.0,"3,900",1.0,"1,000",1.0,800,1.0,900,,,1.0,"1,200",,
2025-01-30,10.1,0.4,6.6,-2.8,0.0,0.0,0.0,0.0,25.4,56.5,13.56,2.22,2,34190.08,,,21.0,38.0,"37,100",9.0,"9,000",7.0,"5,600",6.0,"5,400",3,"2,700",7.0,"8,400",6,"6,000"
2025-01-31,12.4,2.4,7.6,-2.5,0.0,0.0,0.0,0.0,17.3,37.8,12.8,2.53,3,34304.74,,,13.0,32.0,"30,500",10.0,"10,000",7.0,"5,600",5.0,"4,500",4,"3,600",4.0,"4,800",2,"2,000"
2025-02-01,10.9,1.0,7.3,-1.7,0.1,0.1,0.0,1.0,10.0,21.6,12.07,1.82,51,29098.98,,,15.0,32.0,"29,800",11.0,"11,000",8.0,"6,400",4.0,"3,600",6,"5,400",2.0,"2,400",1,"1,000"
2025-02-02,7.0,2.2,4.1,-1.8,9.1,9.1,0.0,16.0,17.1,38.5,2.44,0.4,55,0.0,,,,,,,,,,,,,,,,,
2025-02-03,8.9,3.9,6.9,0.7,0.0,0.0,0.0,0.0,10.5,23.4,6.69,0.94,3,11497.77,,,14.0,23.0,"23,900",10.0,"10,000",5.0,"4,000",5.0,"4,500",2,"1,800",3.0,"3,600",,
2025-02-04,9.1,2.4,4.7,-2.2,0.1,0.1,0.0,1.0,14.2,34.6,11.66,1.91,51,23187.31,,,1.0,2.0,"1,800",1.0,"1,000",1.0,800,,,,,,,,
2025-02-05,7.4,-0.3,2.8,-3.7,0.5,0.1,0.28,3.0,24.1,54.0,13.09,2.29,71,34905.64,1,2,15.0,22.0,"20,600",7.0,"7,000",5.0,"4,000",5.0,"4,500",3,"2,700",2.0,"2,400",,
2025-02-06,7.9,0.7,3.8,-4.2,0.0,0.0,0.0,0.0,14.2,35.6,14.23,2.12,3,33834.7,,,9.0,17.0,"19,000",6.0,"6,000",5.0,"4,000",4.0,"3,600",2,"1,800",3.0,"3,600",,
2025-02-07,7.8,-0.5,4.5,-4.5,0.0,0.0,0.0,0.0,22.2,51.1,13.3,2.17,3,33891.55,,,16.0,35.0,"32,900",13.0,"13,000",8.0,"6,400",6.0,"5,400",3,"2,700",2.0,"2,400",3,"3,000"
2025-02-08,7.6,-0.3,1.8,-6.0,0.0,0.0,0.0,0.0,23.1,61.6,15.09,2.69,3,35282.64,,,3.0,5.0,"4,400",1.0,"1,000",2.0,"1,600",1.0,900,1,900,,,,
2025-02-09,9.7,1.8,4.7,-3.4,0.0,0.0,0.0,0.0,20.9,50.8,14.76,2.92,0,35409.44,,,,,,,,,,,,,,,,,
2025-02-10,9.7,-0.0,6.4,-3.6,0.0,0.0,0.0,0.0,11.9,30.6,14.98,2.19,3,35474.94,,,15.0,20.0,"19,100",7.0,"7,000",5.0,"4,000",3.0,"2,700",2,"1,800",3.0,"3,600",,
2025-02-11,8.7,0.7,2.9,-3.3,0.0,0.0,0.0,0.0,23.0,56.5,15.15,2.58,3,35540.02,,,4.0,8.0,"7,600",3.0,"3,000",2.0,"1,600",1.0,900,1,900,1.0,"1,200",,
2025-02-12,11.6,0.1,7.4,-3.2,0.0,0.0,0.0,0.0,25.8,58.7,11.8,2.05,3,34520.2,,,16.0,29.0,"27,400",10.0,"10,000",7.0,"5,600",5.0,"4,500",3,"2,700",3.0,"3,600",1,"1,000"
2025-02-13,11.5,3.5,9.0,-2.4,0.6,0.6,0.0,3.0,34.4,83.2,15.47,2.83,51,35668.74,,,13.0,17.0,"15,600",6.0,"6,000",6.0,"4,800",2.0,"1,800",2,"1,800",1.0,"1,200",,
2025-02-14,12.7,2.1,9.1,-2.0,0.0,0.0,0.0,0.0,13.9,33.5,14.89,2.59,3,28532.28,,,18.0,38.0,"35,700",11.0,"11,000",11.0,"8,800",5.0,"4,500",4,"3,600",4.0,"4,800",3,"3,000"
2025-02-15,12.5,3.7,8.9,0.0,0.0,0.0,0.0,0.0,14.7,33.8,15.71,2.71,3,35795.2,,,11.0,24.0,"23,000",8.0,"8,000",7.0,"5,600",2.0,"1,800",2,"1,800",4.0,"4,800",1,"1,000"
2025-02-16,16.1,7.2,13.1,4.1,0.0,0.0,0.0,0.0,11.2,28.8,13.09,2.41,3,26227.12,,,,,,,,,,,,,,,,,
2025-02-17,13.8,4.4,11.0,-2.0,0.2,0.2,0.0,2.0,23.1,55.8,12.32,2.68,51,27785.83,,,19.0,37.0,"34,700",13.0,"13,000",10.0,"8,000",4.0,"3,600",5,"4,500",3.0,"3,600",2,"2,000"
2025-02-18,8.9,1.4,4.0,-4.7,0.0,0.0,0.0,0.0,21.1,50.0,16.6,3.22,3,36016.75,,,13.0,23.0,"21,800",8.0,"8,000",5.0,"4,000",3.0,"2,700",3,"2,700",2.0,"2,400",2,"2,000"
2025-02-19,7.2,0.2,1.0,-5.5,0.0,0.0,0.0,0.0,25.2,63.4,17.19,3.02,1,36092.36,,,12.0,22.0,"20,500",8.0,"8,000",7.0,"5,600",3.0,"2,700",2,"1,800",2.0,"2,400",,
2025-02-20,9.5,1.2,4.5,-3.5,0.0,0.0,0.0,0.0,16.9,39.2,15.28,3.01,3,28092.57,,,9.0,12.0,"11,300",4.0,"4,000",3.0,"2,400",2.0,"1,800",1,900,1.0,"1,200",1,"1,000"
2025-02-21,9.7,0.3,5.3,-4.4,0.0,0.0,0.0,0.0,13.6,34.6,17.0,2.85,3,36160.75,,,18.0,35.0,"32,900",10.0,"10,000",8.0,"6,400",7.0,"6,300",4,"3,600",3.0,"3,600",3,"3,000"
2025-02-22,8.3,1.7,4.7,-2.5,0.0,0.0,0.0,0.0,21.8,52.6,14.68,2.76,3,33058.64,,,3.0,5.0,"4,400",1.0,"1,000",2.0,"1,600",1.0,900,1,900,,,,
2025-02-23,9.3,1.1,5.3,-4.4,0.1,0.1,0.0,1.0,16.2,35.6,17.36,2.92,51,36322.22,,,,,,,,,,,,,,,,,
2025-02-24,8.5,0.3,3.4,-3.8,0.0,0.0,0.0,0.0,19.3,47.9,15.28,2.84,3,34254.59,,,9.0,16.0,"15,400",5.0,"5,000",3.0,"2,400",2.0,"1,800",2,"1,800",2.0,"2,400",2,"2,000"
2025-02-25,11.4,2.3,8.3,-2.4,0.0,0.0,0.0,0.0,20.1,47.2,17.98,3.35,2,36512.73,,,12.0,18.0,"17,900",7.0,"7,000",5.0,"4,000",3.0,"2,700",2,"1,800",2.0,"2,400",,
2025-02-26,16.7,5.1,13.0,1.9,0.0,0.0,0.0,0.0,19.1,41.8,17.9,3.48,3,36336.77,,,15.0,19.0,"18,000",7.0,"7,000",5.0,"4,000",2.0,"1,800",2,"1,800",2.0,"2,400",1,"1,000"
2025-02-27,14.7,5.0,12.4,1.0,0.0,0.0,0.0,0.0,11.8,32.4,18.07,3.22,3,36729.06,,,11.0,15.0,"14,000",4.0,"4,000",4.0,"3,200",2.0,"1,800",2,"1,800",1.0,"1,200",2,"2,000"
2025-02-28,14.8,4.7,12.6,1.2,0.0,0.0,0.0,0.0,9.9,23.8,14.61,2.42,3,32838.87,2,8,20.0,50.0,"48,300",13.0,"13,000",11.0,"8,800",8.0,"7,200",3,"2,700",8.0,"9,600",7,"7,000"
2025-03-01,18.1,6.4,15.5,3.2,0.0,0.0,0.0,0.0,16.9,40.7,17.92,3.14,3,36968.14,,,8.0,19.0,"17,900",6.0,"6,000",5.0,"4,000",3.0,"2,700",2,"1,800",2.0,"2,400",1,"1,000"
2025-03-02,19.9,8.6,17.5,6.4,0.0,0.0,0.0,0.0,10.7,24.1,13.19,2.38,3,33902.88,,,,,,,,,,,,,,,,,
2025-03-03,14.4,1.9,13.1,-2.9,28.7,25.6,2.17,15.0,22.2,45.7,1.97,0.44,75,0.0,,,2.0,4.0,"3,700",1.0,"1,000",1.0,800,1.0,900,,,,,1,"1,000"
2025-03-04,6.3,0.4,2.3,-4.4,6.6,2.5,2.87,8.0,19.6,37.8,5.04,0.99,73,0.0,,,2.0,3.0,"2,700",1.0,"1,000",1.0,800,1.0,900,,,,,,
2025-03-05,8.2,0.7,6.0,-4.3,17.1,16.8,0.21,18.0,20.5,45.0,2.54,0.46,73,0.0,,,3.0,5.0,"4,400",1.0,"1,000",2.0,"1,600",1.0,900,1,900,,,,
2025-03-06,10.3,5.8,7.3,0.6,1.3,1.3,0.0,9.0,21.5,48.6,3.27,1.5,51,0.0,,,13.0,25.0,"23,400",7.0,"7,000",7.0,"5,600",5.0,"4,500",3,"2,700",3.0,"3,600",,
2025-03-07,8.8,2.7,3.4,-2.4,0.3,0.3,0.0,3.0,24.9,58.7,19.21,3.13,51,36317.98,,,4.0,10.0,"9,600",3.0,"3,000",2.0,"1,600",1.0,900,1,900,1.0,"1,200",2,"2,000"
2025-03-08,6.4,1.1,3.5,-2.5,6.5,6.4,0.07,8.0,11.1,25.6,5.34,0.91,71,1050.15,,,11.0,19.0,"18,100",5.0,"5,000",4.0,"3,200",3.0,"2,700",2,"1,800",2.0,"2,400",3,"3,000"
2025-03-09,10.8,1.9,7.5,-1.9,0.0,0.0,0.0,0.0,12.9,33.8,12.96,1.93,3,25138.41,,,,,,,,,,,,,,,,,
2025-03-10,12.6,1.5,11.3,-1.9,0.0,0.0,0.0,0.0,10.3,25.2,19.97,2.76,3,38506.96,,,2.0,3.0,"2,800",1.0,"1,000",1.0,800,,,,,,,1,"1,000"
2025-03-11,11.7,5.0,11.0,2.3,1.7,1.7,0.0,5.0,12.1,24.1,6.51,1.05,53,2112.87,,,13.0,25.0,"23,300",6.0,"6,000",8.0,"6,400",4.0,"3,600",3,"2,700",3.0,"3,600",1,"1,000"
2025-03-12,13.7,7.0,13.5,5.6,21.0,21.0,0.0,14.0,13.3,30.2,7.71,1.19,63,8307.15,,,6.0,11.0,"10,100",3.0,"3,000",4.0,"3,200",2.0,"1,800",1,900,1.0,"1,200",,
2025-03-13,18.8,8.9,18.5,7.8,0.3,0.3,0.0,2.0,12.9,28.4,16.1,2.71,51,34251.25,,,3.0,5.0,"4,400",1.0,"1,000",2.0,"1,600",1.0,900,1,900,,,,
2025-03-14,16.0,6.8,15.3,3.0,0.0,0.0,0.0,0.0,15.1,32.0,19.71,3.47,3,37532.57,2,7,18.0,44.0,"41,100",16.0,"16,000",13.0,"10,400",6.0,"5,400",5,"4,500",4.0,"4,800",,
2025-03-15,11.7,4.7,8.7,1.7,2.5,2.5,0.0,5.0,12.2,26.6,10.14,1.71,55,15001.41,,,15.0,27.0,"25,400",8.0,"8,000",7.0,"5,600",3.0,"2,700",5,"4,500",3.0,"3,600",1,"1,000"
2025-03-16,7.6,4.8,5.0,0.1,19.0,19.0,0.0,20.0,23.3,55.1,2.35,0.42,63,0.0,,,,,,,,,,,,,,,,,
2025-03-17,14.1,5.8,12.7,0.8,0.6,0.6,0.0,2.0,22.0,52.9,18.71,3.13,53,39746.68,,,8.0,11.0,"11,100",4.0,"4,000",4.0,"3,200",2.0,"1,800",1,900,1.0,"1,200",,
2025-03-18,11.1,3.6,8.4,0.5,2.4,2.4,0.0,5.0,15.8,38.5,18.12,2.6,53,39404.8,,,1.0,2.0,"2,000",1.0,"1,000",,,,,,,,,1,"1,000"
2025-03-19,8.5,1.6,4.5,-3.8,21.2,17.3,2.73,16.0,26.4,54.0,7.73,1.18,75,12379.76,,,10.0,19.0,"18,000",4.0,"4,000",4.0,"3,200",4.0,"3,600",2,"1,800",2.0,"2,400",3,"3,000"
2025-03-20,11.7,2.4,9.9,-0.8,0.1,0.1,0.0,1.0,16.4,36.0,19.29,2.68,51,40149.71,,,4.0,5.0,"4,600",2.0,"2,000",1.0,800,1.0,900,1,900,,,,
2025-03-21,15.1,3.0,12.9,0.4,0.0,0.0,0.0,0.0,13.2,33.5,21.26,2.97,0,40362.3,,,22.0,48.0,"45,000",12.0,"12,000",12.0,"9,600",7.0,"6,300",5,"4,500",3.0,"3,600",9,"9,000"
2025-03-22,20.0,6.0,18.8,4.3,0.0,0.0,0.0,0.0,12.3,32.4,21.59,3.59,0,40695.77,,,9.0,15.0,"14,200",4.0,"4,000",4.0,"3,200",2.0,"1,800",2,"1,800",2.0,"2,400",1,"1,000"
2025-03-23,22.6,10.6,22.7,8.7,0.0,0.0,0.0,0.0,13.5,27.4,20.97,3.92,1,40436.03,,,,,,,,,,,,,,,,,
2025-03-24,17.9,8.5,17.3,6.7,0.2,0.2,0.0,2.0,12.4,27.4,15.19,2.44,51,35449.57,,,20.0,34.0,"33,900",12.0,"12,000",9.0,"7,200",7.0,"6,300",4,"3,600",4.0,"4,800",,
2025-03-25,20.9,10.3,20.2,9.6,0.0,0.0,0.0,0.0,19.5,41.4,21.68,3.91,2,41239.32,,,11.0,21.0,"19,800",7.0,"7,000",5.0,"4,000",3.0,"2,700",3,"2,700",2.0,"2,400",1,"1,000"
2025-03-26,23.8,14.9,23.5,13.6,0.0,0.0,0.0,0.0,25.6,54.4,22.02,4.66,3,41464.25,,,14.0,22.0,"20,500",6.0,"6,000",7.0,"5,600",3.0,"2,700",2,"1,800",2.0,"2,400",2,"2,000"
2025-03-27,20.7,10.8,20.8,9.2,0.0,0.0,0.0,0.0,27.7,64.1,20.58,3.64,3,37162.16,,,2.0,4.0,"3,700",1.0,"1,000",1.0,800,1.0,900,,,,,1,"1,000"
2025-03-28,22.7,15.1,24.7,14.6,14.6,14.6,0.0,9.0,28.0,64.1,13.94,2.71,63,26795.2,1,5,33.0,74.0,"68,900",25.0,"25,000",20.0,"16,000",12.0,"10,800",9,"8,100",5.0,"6,000",3,"3,000"
2025-03-29,14.2,5.5,12.9,1.7,15.0,15.0,0.0,24.0,16.0,40.7,3.06,0.7,61,0.0,,,1.0,2.0,"1,800",1.0,"1,000",1.0,800,,,,,,,,
2025-03-30,12.8,4.9,11.4,2.2,1.5,1.5,0.0,5.0,17.1,38.5,19.45,2.81,53,38013.26,,,,,,,,,,,,,,,,,
2025-03-31,7.5,4.6,4.2,0.6,2.0,2.0,0.0,10.0,11.3,29.2,5.94,1.33,53,679.22,,,11.0,21.0,"19,400",5.0,"5,000",7.0,"5,600",4.0,"3,600",2,"1,800",2.0,"2,400",1,"1,000"
