date,weekday,pale_ale,lager,ipa,white_beer,dark_beer,fruit_beer,month,weathercode,temperature_2m_min,temperature_2m_max,temperature_2m_mean,apparent_temperature_min,apparent_temperature_max,apparent_temperature_mean,relative_humidity_2m_mean,sunshine_duration,shortwave_radiation_sum,uv_index_max,et0_fao_evapotranspiration,rain_sum,precipitation_hours,cloud_cover_min,cloud_cover_max,cloud_cover_mean,windspeed_10m_max,windgusts_10m_max
2024-04-01,2,6,5,5,4,6,0,4,63,10.7,16.2,13.0,9.4,15.5,12.2,81,28099.96,16.74,6.7,2.53,9.2,5.0,7,99,40,11.1,33.8
2024-04-02,3,6,4,5,3,6,1,4,3,6.9,16.5,12.2,3.6,14.4,10.0,58,39600.0,20.95,6.75,3.38,0.0,0.0,0,100,34,10.9,34.9
2024-04-03,4,5,4,3,2,4,1,4,61,9.1,14.1,12.0,7.6,14.2,11.4,91,643.52,5.25,2.2,0.93,15.9,13.0,38,92,73,8.8,25.9
2024-04-04,5,2,2,2,1,1,2,4,63,10.8,16.7,13.5,9.6,17.0,13.2,87,5678.7,8.13,2.4,1.43,8.1,8.0,36,100,69,10.9,33.1
2024-04-05,6,3,5,3,2,3,2,4,51,9.1,13.6,10.4,6.2,11.6,8.2,74,0.0,2.1,0.95,0.81,1.0,6.0,68,100,92,10.9,28.1
2024-04-06,0,11,8,6,3,7,1,4,3,8.6,15.8,12.0,6.7,14.9,10.7,80,13112.02,11.04,4.2,1.81,0.0,0.0,37,100,71,9.1,25.9
2024-04-08,2,2,2,1,1,1,2,4,51,13.9,20.0,16.3,14.5,21.9,17.7,94,8707.84,8.29,5.25,1.55,0.4,2.0,45,100,88,5.0,17.6
2024-04-09,3,1,1,1,1,1,0,4,65,9.5,19.5,14.8,4.4,20.1,13.6,81,0.0,2.42,0.6,1.21,47.1,14.0,16,100,83,20.8,79.6
2024-04-10,4,3,3,2,1,3,3,4,3,7.0,14.9,11.0,2.9,13.3,7.7,48,41071.83,25.19,7.2,4.23,0.0,0.0,0,84,14,19.5,45.4
2024-04-11,5,6,4,3,2,2,2,4,3,6.9,17.1,12.5,4.7,16.7,11.2,70,39729.57,22.25,6.95,3.4,0.0,0.0,0,100,43,11.0,23.4
2024-04-12,6,7,5,6,6,3,3,4,51,10.9,16.5,13.6,10.0,15.5,12.8,82,12142.47,8.96,3.8,1.56,0.1,1.0,20,98,62,8.9,24.1
2024-04-13,0,8,8,6,4,5,2,4,2,10.4,22.1,15.6,9.0,23.8,15.4,76,40835.88,23.61,6.6,3.88,0.0,0.0,1,61,25,8.9,27.0
2024-04-15,2,10,6,6,6,4,2,4,3,11.6,23.2,17.0,11.7,25.2,17.5,80,37691.68,23.55,7.25,4.07,0.0,0.0,0,100,44,10.9,34.2
2024-04-16,3,6,5,5,3,2,1,4,3,14.8,21.1,17.6,14.4,22.9,17.4,78,30939.35,19.64,7.15,3.44,0.0,0.0,3,100,36,14.0,53.3
2024-04-17,4,6,6,4,4,4,2,4,61,16.1,23.3,18.9,16.2,26.0,20.0,81,38863.03,20.65,6.55,3.64,2.5,4.0,6,100,36,11.0,42.5
2024-04-18,5,2,1,1,1,1,1,4,51,13.6,20.1,16.3,13.7,20.3,16.3,80,10819.31,10.08,4.45,1.95,0.8,5.0,37,100,71,8.7,28.8
2024-04-19,6,9,9,6,4,4,2,4,51,13.6,21.9,16.7,10.5,21.3,14.6,57,41751.88,24.4,7.15,4.6,0.1,1.0,0,88,20,21.3,60.8
2024-04-20,0,8,5,5,3,4,2,4,3,11.4,22.8,16.8,9.4,23.8,15.8,58,35744.68,19.17,6.35,3.6,0.0,0.0,0,100,43,7.8,23.0
2024-04-22,2,6,6,3,5,3,0,4,61,14.2,17.6,15.4,14.0,17.9,15.5,89,0.0,4.24,1.35,0.94,9.1,11.0,45,97,74,9.1,33.1
2024-04-23,3,7,8,6,5,4,3,4,3,13.4,20.1,16.1,13.8,21.1,16.6,87,2192.79,7.8,5.8,1.52,0.0,0.0,44,100,78,8.2,23.8
2024-04-24,4,2,2,1,1,1,2,4,61,14.5,15.4,14.9,14.1,15.6,14.9,90,0.0,2.57,1.05,0.66,11.5,19.0,72,100,90,11.4,40.3
2024-04-25,5,7,6,3,4,3,4,4,51,14.6,23.2,18.8,14.1,26.6,20.0,80,37477.43,22.49,7.4,3.98,0.1,1.0,2,85,34,12.0,42.5
2024-04-26,6,10,7,4,5,6,1,4,3,13.3,24.1,18.1,12.5,27.3,19.3,82,23195.96,16.41,7.55,3.05,0.0,0.0,5,100,73,7.2,18.0
2024-04-27,0,6,4,3,3,2,1,4,51,17.0,19.5,18.3,18.2,22.0,20.0,91,0.0,4.22,6.85,0.97,0.2,2.0,21,98,78,7.3,18.0
2024-04-29,2,2,3,2,2,2,3,4,3,15.4,24.0,19.4,16.6,26.7,21.1,88,25646.53,17.34,7.0,3.15,0.0,0.0,37,100,75,12.3,40.3
2024-04-30,3,6,3,3,2,3,3,4,53,18.0,23.3,19.9,19.6,26.0,22.1,89,2645.93,7.82,2.5,1.55,1.6,6.0,44,97,67,8.8,27.4
2024-05-01,4,1,1,1,1,1,0,5,63,12.1,19.0,16.3,10.5,21.8,16.7,93,0.0,3.51,0.5,0.83,37.6,17.0,38,100,78,15.5,37.4
2024-05-02,5,6,7,4,5,3,0,5,61,11.1,19.1,14.9,9.4,18.1,13.3,70,36840.81,19.79,7.5,3.48,5.1,7.0,5,79,36,13.1,39.6
2024-05-03,6,9,12,6,7,7,4,5,1,11.1,22.5,16.7,10.4,22.6,16.6,73,43580.0,26.38,7.8,4.47,0.0,0.0,0,34,5,11.2,35.6
2024-05-04,0,8,7,4,3,3,2,5,3,13.1,25.8,19.0,13.1,27.6,19.8,74,39476.25,25.58,7.75,4.73,0.0,0.0,0,100,18,8.1,30.2
2024-05-06,2,5,4,4,3,2,0,5,3,17.9,21.5,19.8,17.6,22.2,19.6,76,8764.28,10.54,5.35,2.58,0.0,0.0,4,100,52,16.3,52.9
2024-05-07,3,5,5,4,3,2,2,5,63,18.2,20.2,19.8,20.0,22.1,20.9,88,0.0,2.26,1.85,0.88,12.7,15.0,63,100,87,16.5,59.4
2024-05-08,4,5,4,3,4,3,1,5,63,12.4,21.9,17.7,11.2,23.3,18.4,85,19740.47,14.71,6.1,2.65,11.9,11.0,35,96,61,14.5,37.4
2024-05-09,5,3,3,2,2,2,3,5,55,10.6,16.0,12.8,8.9,15.2,11.4,77,18697.51,12.98,6.05,2.12,5.0,11.0,0,94,48,11.0,33.5
2024-05-10,6,10,10,8,7,5,7,5,0,10.4,21.9,16.7,8.3,20.8,15.0,52,45353.17,27.44,7.75,5.13,0.0,0.0,0,7,0,15.1,41.4
2024-05-11,0,4,6,4,3,2,4,5,1,15.7,24.4,19.5,15.5,27.1,19.3,69,44937.0,27.12,7.9,5.09,0.0,0.0,0,32,3,17.3,51.1
2024-05-13,2,1,1,1,1,1,0,5,63,16.1,21.1,19.3,16.5,23.8,20.7,91,0.0,2.77,2.75,0.81,47.0,18.0,17,100,85,17.1,58.7
2024-05-14,3,7,5,4,5,4,3,5,51,15.6,20.6,17.8,15.4,20.3,17.5,70,39695.42,23.38,7.0,4.11,0.2,1.0,0,97,56,12.7,32.8
2024-05-15,4,4,2,2,1,1,0,5,53,13.4,24.1,18.7,13.3,26.9,19.9,80,39747.98,24.48,7.1,4.28,1.3,3.0,21,100,67,7.9,23.8
2024-05-16,5,2,2,2,1,1,1,5,63,15.8,23.9,18.9,14.5,26.3,19.2,79,22159.2,15.2,6.9,3.24,11.3,5.0,0,100,47,20.5,66.6
2024-05-17,6,10,7,5,3,4,1,5,2,14.8,24.6,19.6,13.3,26.4,19.3,56,45676.91,27.24,8.0,5.22,0.0,0.0,0,62,8,14.6,56.9
2024-05-18,0,7,7,4,4,4,9,5,2,14.2,26.8,20.4,13.4,30.3,21.8,72,45137.11,26.99,8.1,5.04,0.0,0.0,0,71,15,8.2,28.1
2024-05-20,2,3,2,2,1,1,1,5,63,14.6,22.5,18.2,14.1,24.7,19.4,85,24653.21,14.34,3.5,2.55,25.4,11.0,12,100,60,8.6,27.7
2024-05-21,3,3,4,3,2,2,2,5,51,17.0,27.1,21.1,19.0,29.6,23.6,84,32897.7,20.88,7.35,4.0,0.3,3.0,20,100,66,9.3,28.1
2024-05-22,4,3,4,2,2,2,4,5,3,17.8,22.9,19.8,16.2,24.3,20.0,65,27295.72,17.81,7.55,3.64,0.0,0.0,41,100,74,9.2,29.9
2024-05-23,5,4,3,3,2,4,2,5,3,18.0,24.3,20.8,19.2,26.8,22.5,82,28681.5,15.96,5.05,3.03,0.0,0.0,18,100,70,10.4,31.0
2024-05-24,6,10,9,8,6,5,10,5,3,17.3,26.4,21.8,18.9,31.1,24.3,81,42318.86,25.12,7.4,4.68,0.0,0.0,2,98,63,9.1,31.3
2024-05-25,0,6,5,4,3,3,2,5,2,17.5,24.0,20.0,17.2,26.0,19.3,58,38764.11,22.21,8.0,4.63,0.0,0.0,2,53,31,13.8,30.6
2024-05-27,2,7,7,4,3,4,2,5,51,19.2,23.2,21.1,20.7,25.4,23.4,90,7154.62,7.19,3.8,1.5,1.0,5.0,17,100,62,12.9,47.9
2024-05-28,3,2,2,2,1,1,1,5,63,21.3,23.6,22.4,24.0,27.4,25.6,95,0.0,5.28,3.75,1.14,22.2,16.0,17,99,70,20.6,86.8
2024-05-29,4,7,5,4,3,3,6,5,55,19.2,25.1,22.0,19.0,28.6,23.5,74,31107.74,19.85,6.9,4.05,2.5,4.0,0,98,40,14.6,67.0
2024-05-30,5,6,7,5,5,4,4,5,3,17.2,26.1,21.6,19.3,30.2,24.1,81,38024.21,23.0,7.65,4.33,0.0,0.0,13,100,61,7.4,27.7
2024-05-31,6,4,3,3,3,2,2,5,65,17.0,20.8,19.2,16.5,23.1,20.8,89,0.0,6.03,6.2,1.3,41.0,16.0,47,100,83,12.4,35.3
2024-06-01,0,6,4,3,3,3,2,6,51,17.8,25.4,20.9,19.3,28.9,22.7,77,38283.52,23.41,7.8,4.45,0.4,2.0,4,99,41,9.7,28.8
2024-06-03,2,1,1,1,1,1,0,6,63,16.8,22.9,19.2,17.5,25.1,20.4,83,30837.88,18.32,5.95,3.34,11.0,7.0,13,99,55,10.0,28.8
2024-06-04,3,4,4,3,2,2,3,6,53,16.4,24.2,19.7,17.1,26.1,20.4,73,44181.18,22.82,7.95,4.23,0.7,1.0,5,57,24,10.9,28.8
2024-06-05,4,5,6,5,3,2,3,6,2,17.0,26.8,21.0,17.7,29.6,22.3,70,43642.88,27.1,8.05,5.14,0.0,0.0,0,51,17,11.4,27.0
2024-06-06,5,7,5,5,3,4,3,6,3,18.6,25.4,21.6,20.2,28.9,23.2,75,35211.2,19.17,7.0,3.79,0.0,0.0,25,94,57,10.5,34.6
2024-06-07,6,20,14,9,10,8,5,6,3,19.2,25.3,21.8,20.3,28.0,23.3,72,30475.46,17.89,7.55,3.62,0.0,0.0,7,99,50,8.9,30.2
2024-06-08,0,6,7,4,5,3,4,6,3,17.2,27.1,21.9,18.4,29.9,23.8,72,42202.5,27.25,8.25,5.16,0.0,0.0,0,90,36,8.3,27.4
2024-06-10,2,3,3,2,2,1,2,6,63,19.0,23.2,21.0,20.5,25.5,22.9,81,11203.66,13.07,7.85,2.56,9.4,10.0,33,100,59,10.8,24.1
2024-06-11,3,5,6,4,2,3,4,6,3,19.7,27.3,23.0,22.1,31.9,25.9,79,41816.09,23.38,7.8,4.48,0.0,0.0,1,86,42,9.4,36.0
2024-06-12,4,3,3,2,2,2,1,6,3,20.2,28.1,23.8,22.8,33.1,27.0,79,45889.03,26.16,7.85,5.02,0.0,0.0,8,80,25,8.4,29.9
2024-06-13,5,6,5,3,3,3,3,6,3,20.2,23.9,21.9,23.2,27.3,25.0,87,5202.56,10.58,4.75,2.1,0.0,0.0,0,100,56,6.4,19.8
2024-06-14,6,7,10,7,7,2,3,6,1,19.5,29.5,24.3,22.1,34.9,27.8,78,45796.57,26.83,8.05,5.31,0.0,0.0,2,42,9,9.0,31.0
2024-06-15,0,7,5,3,4,3,3,6,51,20.1,28.8,23.5,23.3,33.7,27.0,81,31960.97,22.04,7.85,4.37,0.2,1.0,0,100,56,8.4,23.8
2024-06-17,2,8,10,5,9,3,7,6,51,21.6,28.8,24.8,26.0,34.0,28.9,83,21929.63,15.36,5.55,3.29,0.3,1.0,30,100,75,8.8,17.6
2024-06-18,3,2,1,1,1,1,0,6,63,18.9,22.6,19.9,21.0,25.5,22.3,93,0.0,1.85,0.6,0.61,70.9,21.0,70,100,94,10.5,27.7
2024-06-19,4,4,4,3,3,2,4,6,3,18.4,28.9,23.3,20.3,33.2,26.0,75,46356.64,28.0,8.05,5.54,0.0,0.0,0,100,15,8.7,29.5
2024-06-20,5,8,6,5,6,3,0,6,3,20.1,28.2,23.8,23.0,32.5,26.7,79,45348.62,23.05,5.95,4.56,0.0,0.0,0,97,64,13.3,40.3
2024-06-21,6,1,1,1,1,1,0,6,65,19.0,22.7,21.0,19.5,26.3,22.9,88,0.0,2.91,1.35,0.94,42.4,13.0,15,100,67,16.7,45.0
2024-06-22,0,4,4,3,2,3,2,6,51,18.1,29.0,23.7,19.9,33.5,25.7,71,35427.56,22.47,8.3,4.79,0.1,1.0,0,100,50,14.9,38.2
2024-06-24,2,4,8,6,3,3,1,6,53,21.3,31.0,25.4,25.1,38.2,30.4,85,27035.54,20.33,8.3,4.22,1.0,4.0,5,91,45,7.6,26.3
2024-06-25,3,5,7,4,5,3,3,6,3,23.4,30.0,26.5,27.8,34.8,31.3,82,15817.86,14.7,7.95,3.2,0.0,0.0,16,100,56,7.5,37.1
2024-06-26,4,4,6,3,4,2,4,6,53,23.4,29.2,25.6,26.2,35.2,30.1,83,25002.53,16.93,7.7,3.61,0.9,2.0,18,82,48,8.7,28.8
2024-06-27,5,4,6,3,3,2,4,6,3,22.2,28.2,24.8,25.3,32.5,28.1,77,29902.42,19.11,7.9,3.98,0.0,0.0,21,87,52,8.8,25.6
2024-06-28,6,3,3,2,1,1,2,6,65,21.7,24.2,22.6,25.3,29.2,26.4,92,0.0,3.47,0.95,0.87,107.2,20.0,29,100,74,13.0,83.5
2024-06-29,0,6,4,3,4,3,3,6,61,21.3,27.8,23.9,24.5,33.0,27.5,84,22092.78,15.24,6.35,3.11,2.6,3.0,16,100,64,7.6,23.4
2024-07-01,2,3,4,3,3,1,1,7,63,24.7,28.6,25.8,28.9,33.7,30.4,89,0.0,5.71,5.1,1.54,32.9,20.0,55,100,87,15.5,73.1
2024-07-02,3,4,6,4,4,2,3,7,51,24.0,30.5,26.5,28.4,36.7,32.0,85,26331.48,17.51,8.15,3.69,1.3,9.0,19,95,57,6.6,16.9
2024-07-03,4,7,10,6,7,4,8,7,51,23.2,30.3,26.2,27.4,36.8,31.3,85,28423.18,17.94,8.3,3.75,0.3,2.0,6,100,37,7.1,24.5
2024-07-04,5,6,7,5,6,3,5,7,3,23.8,33.5,27.9,29.1,40.7,34.0,83,32422.98,20.07,8.25,4.33,0.0,0.0,4,100,40,7.6,21.2
2024-07-05,6,11,17,10,14,6,7,7,2,24.0,33.8,28.3,28.6,42.1,34.4,81,45552.28,26.5,8.4,5.62,0.0,0.0,1,66,9,7.5,23.4
2024-07-06,0,1,1,1,1,0,1,7,53,24.7,33.4,28.1,30.6,41.5,34.7,85,33495.76,21.03,7.55,4.49,0.9,2.0,10,100,58,6.6,18.4
2024-07-08,2,8,13,6,9,3,4,7,3,24.6,33.5,28.6,30.5,40.8,35.2,83,41956.97,23.87,8.35,5.08,0.0,0.0,8,100,43,6.9,24.8
2024-07-09,3,4,5,3,4,2,2,7,63,24.5,34.0,28.5,30.3,40.7,34.5,82,29911.47,19.24,7.85,4.23,5.2,3.0,4,100,58,7.6,50.4
2024-07-10,4,5,9,5,5,3,2,7,61,24.5,31.8,27.6,28.5,37.3,32.7,80,21868.17,16.04,6.75,3.57,8.2,5.0,11,99,47,11.6,68.0
2024-07-11,5,5,5,3,3,1,2,7,61,25.3,28.0,26.8,30.0,33.1,31.7,84,0.0,7.66,4.0,1.95,4.6,8.0,38,100,71,14.9,63.4
2024-07-12,6,5,4,5,3,3,1,7,63,22.5,25.7,24.3,26.3,31.0,29.1,93,0.0,4.7,1.0,1.1,17.9,17.0,40,100,76,8.1,28.8
2024-07-13,0,7,6,4,5,3,4,7,51,22.7,30.4,26.0,26.7,36.0,30.6,83,32920.11,19.14,8.05,4.1,0.2,2.0,16,100,62,12.2,30.2
2024-07-15,2,6,9,5,4,2,0,7,55,23.5,27.6,25.2,26.9,34.2,30.0,89,7373.49,12.36,3.95,2.57,4.2,10.0,30,89,56,11.3,31.7
2024-07-16,3,1,1,1,1,1,1,7,63,22.7,25.5,23.9,26.3,29.7,28.1,90,0.0,4.55,3.15,1.12,12.9,16.0,50,97,72,8.2,23.0
2024-07-17,4,3,4,2,3,1,2,7,61,22.9,28.4,25.6,27.3,34.4,30.9,88,0.0,9.56,6.35,2.08,7.1,8.0,29,100,70,4.8,21.6
2024-07-18,5,8,12,7,7,3,8,7,51,24.4,31.3,27.3,30.2,39.0,33.6,88,34730.86,21.18,8.15,4.36,0.2,1.0,10,100,44,7.3,27.0
2024-07-19,6,6,12,5,6,3,5,7,2,25.9,32.4,28.9,30.3,39.1,34.6,78,38100.4,18.12,8.15,4.06,0.0,0.0,10,60,37,9.2,38.2
2024-07-20,0,2,3,2,2,1,2,7,63,26.8,34.7,29.9,32.2,43.6,36.8,80,41505.01,21.03,8.25,4.65,4.4,4.0,6,100,40,9.9,33.5
2024-07-22,2,5,8,4,7,4,1,7,61,25.7,34.7,29.7,32.0,43.5,36.7,82,41645.61,24.53,8.2,5.33,3.3,4.0,4,100,22,7.8,25.2
2024-07-23,3,6,7,5,4,4,0,7,1,24.6,33.5,28.9,30.4,42.2,35.7,84,44042.73,25.9,8.15,5.43,0.0,0.0,0,24,5,9.3,29.5
2024-07-24,4,6,7,4,4,3,5,7,3,26.0,34.2,29.8,32.3,42.6,36.8,80,40130.17,21.9,7.45,4.75,0.0,0.0,4,87,37,7.4,31.0
2024-07-25,5,5,5,2,3,1,4,7,51,25.5,32.8,28.9,31.4,40.5,35.2,80,27672.99,17.89,7.7,3.97,0.7,2.0,14,87,44,7.0,26.6
2024-07-26,6,10,15,10,12,5,5,7,51,25.1,34.0,29.1,30.7,42.3,35.9,82,37258.07,21.85,8.0,4.74,0.5,4.0,10,81,39,7.9,31.7
2024-07-27,0,5,5,4,5,2,3,7,51,26.0,32.7,29.0,31.3,40.0,35.6,82,28334.36,16.53,7.7,3.59,0.4,2.0,14,98,57,5.6,20.2
2024-07-29,2,6,8,4,6,3,1,7,3,27.0,35.5,30.5,32.1,44.0,36.6,72,40503.37,23.62,7.8,5.43,0.0,0.0,1,99,34,9.0,40.3
2024-07-30,3,4,5,3,4,2,3,7,55,27.1,34.8,29.5,31.0,42.4,35.4,76,27180.8,16.49,8.2,3.88,2.6,3.0,4,95,38,8.7,28.1
2024-07-31,4,3,4,2,2,1,2,7,63,26.1,32.8,29.0,31.9,40.9,35.4,81,30677.49,17.59,6.65,3.91,6.4,5.0,27,98,58,9.0,28.4
2024-08-01,5,5,6,4,4,2,5,8,51,25.0,32.6,28.1,30.5,39.9,33.7,80,39398.02,20.18,7.35,4.35,0.1,1.0,5,60,29,8.0,27.7
2024-08-02,6,8,17,11,8,3,3,8,2,24.9,32.8,28.3,30.0,40.1,33.9,78,41425.36,21.89,8.1,4.71,0.0,0.0,12,52,30,8.6,27.4
2024-08-03,0,4,6,4,3,3,4,8,1,25.6,32.3,28.5,31.5,40.2,34.3,78,42516.86,23.06,8.05,4.86,0.0,0.0,2,36,19,7.5,27.7
2024-08-05,2,4,5,4,3,2,3,8,3,26.0,31.7,28.6,31.4,39.1,34.6,80,21968.83,16.07,8.0,3.51,0.0,0.0,11,99,34,7.6,24.8
2024-08-06,3,5,7,4,5,3,4,8,61,26.1,32.2,28.6,32.2,39.4,35.2,84,19601.71,13.77,7.4,3.03,4.2,4.0,16,81,47,6.1,23.0
2024-08-07,4,2,3,2,2,1,1,8,63,25.8,32.9,28.7,32.3,40.3,35.2,84,29062.96,16.64,7.05,3.68,5.2,5.0,16,100,53,8.4,24.5
2024-08-08,5,5,9,6,5,4,1,8,63,25.0,32.3,28.3,31.0,39.4,35.1,86,37656.45,19.16,7.75,4.03,12.3,11.0,17,100,44,6.7,20.5
2024-08-09,6,9,12,6,7,4,6,8,51,25.8,33.8,29.3,32.3,41.0,35.6,81,38504.11,19.72,7.35,4.36,0.3,2.0,5,93,24,7.8,30.2
2024-08-10,0,6,7,6,5,3,1,8,51,26.2,33.3,29.0,31.0,39.5,34.5,78,30824.76,16.23,7.8,3.69,0.1,1.0,9,80,33,11.7,37.8
2024-08-12,2,5,8,3,3,2,3,8,2,26.7,33.7,30.0,32.3,41.7,36.1,77,40539.52,20.93,5.5,4.81,0.0,0.0,5,57,18,11.9,45.7
2024-08-13,3,5,6,5,5,3,4,8,51,27.8,33.6,30.1,33.9,41.4,36.8,80,40327.26,21.11,7.9,4.68,0.4,3.0,3,57,26,10.9,34.6
2024-08-14,4,3,5,3,3,2,1,8,51,26.6,33.0,29.5,32.3,40.4,35.9,80,29250.53,16.46,7.9,3.72,0.3,2.0,11,69,34,7.2,27.0
2024-08-15,5,5,7,4,4,2,2,8,3,26.0,32.8,29.2,32.2,40.0,35.7,81,37692.12,19.12,7.7,4.21,0.0,0.0,11,83,32,9.3,32.0
2024-08-16,6,1,2,1,1,1,0,8,63,26.7,27.8,27.2,30.2,33.2,31.7,90,0.0,3.45,3.25,1.24,50.2,23.0,48,100,82,21.7,70.9
2024-08-17,0,4,6,3,4,1,4,8,55,27.2,34.1,30.3,30.4,42.2,36.5,76,35855.0,18.18,7.85,4.35,2.5,5.0,8,96,46,17.7,52.2
2024-08-19,2,3,4,3,2,2,2,8,51,25.6,32.8,29.3,30.5,41.5,36.3,84,29093.42,16.97,5.6,3.69,0.1,1.0,12,93,39,8.0,29.2
2024-08-20,3,7,10,5,5,4,6,8,55,24.5,32.3,28.0,29.3,38.1,33.4,81,25064.73,15.12,7.7,3.38,2.6,7.0,9,96,41,9.0,36.7
2024-08-21,4,1,2,1,1,1,1,8,63,25.6,31.2,27.9,31.7,37.9,33.9,85,33350.95,15.91,7.15,3.41,7.6,4.0,18,97,38,9.1,25.9
2024-08-22,5,5,6,3,3,2,2,8,55,26.0,28.8,27.2,31.6,34.2,32.9,88,1024.22,8.72,7.1,2.01,5.5,13.0,29,98,56,10.8,25.9
2024-08-23,6,12,12,7,8,4,2,8,1,27.0,30.2,28.4,32.6,35.7,33.8,84,2744.19,11.02,7.4,2.67,0.0,0.0,18,43,34,11.5,43.6
2024-08-24,0,5,5,4,3,1,4,8,51,27.0,30.9,28.8,32.7,38.1,34.9,83,16364.93,12.22,7.3,2.89,0.6,2.0,23,100,43,12.0,40.0
2024-08-26,2,5,6,3,3,3,3,8,3,26.2,32.1,28.5,31.2,38.9,33.7,79,39600.0,20.71,7.55,4.55,0.0,0.0,7,86,22,13.0,37.8
2024-08-27,3,1,2,1,1,1,1,8,53,26.5,28.8,27.5,31.7,33.4,32.5,85,3896.25,10.4,7.4,2.43,7.8,15.0,10,79,45,13.7,42.1
2024-08-28,4,4,5,3,3,2,3,8,51,26.0,30.2,27.8,31.4,35.2,32.9,82,29601.31,15.68,7.3,3.41,0.8,5.0,19,100,47,9.9,25.6
2024-08-29,5,2,3,2,2,1,1,8,65,25.6,28.8,27.2,30.7,34.6,32.5,84,7048.47,7.8,5.8,1.86,79.9,9.0,27,100,81,16.7,27.4
2024-08-30,6,2,3,2,2,1,2,8,65,26.4,27.6,26.9,31.1,33.0,32.2,90,0.0,4.95,2.75,1.31,96.7,24.0,37,100,71,14.8,32.8
2024-08-31,0,2,2,1,2,1,0,8,63,27.2,28.7,27.7,32.4,34.9,33.4,89,2248.46,9.12,6.6,2.07,44.3,22.0,31,100,78,13.7,40.3
2024-09-02,2,6,7,5,6,2,2,9,61,27.1,32.0,29.2,32.3,38.8,34.7,81,37722.95,17.36,6.85,4.0,3.1,2.0,11,93,22,14.9,47.9
2024-09-03,3,2,3,2,2,1,3,9,55,23.4,27.1,25.6,26.6,32.8,29.7,84,5596.34,8.99,5.75,2.09,3.5,9.0,24,75,48,11.2,31.7
2024-09-04,4,6,9,4,5,3,5,9,51,22.6,28.9,25.1,25.5,31.7,28.0,78,30277.18,14.58,6.65,3.28,0.6,3.0,19,80,41,11.8,43.2
2024-09-05,5,5,4,3,4,2,3,9,2,22.5,30.4,26.2,25.3,35.5,30.2,77,35133.76,18.26,6.95,3.82,0.0,0.0,3,50,19,9.7,25.6
2024-09-06,6,12,13,8,10,3,9,9,2,23.8,31.6,27.4,28.4,38.8,33.0,82,37649.7,20.19,7.15,4.16,0.0,0.0,1,77,18,7.1,24.5
2024-09-07,0,6,10,6,5,4,5,9,3,23.9,31.9,27.3,29.4,39.3,33.2,86,28800.0,18.65,7.05,3.91,0.0,0.0,0,100,39,9.0,31.3
2024-09-09,2,5,6,4,4,3,0,9,53,25.5,32.3,27.9,30.9,39.4,33.6,81,37221.68,19.07,7.0,4.04,1.9,4.0,1,46,26,8.5,25.6
2024-09-10,3,6,6,5,4,3,2,9,1,25.4,31.8,28.2,30.6,39.0,34.1,82,38370.06,18.37,7.0,3.87,0.0,0.0,4,47,24,7.2,25.2
2024-09-11,4,5,8,5,6,3,0,9,51,26.1,32.3,28.7,32.1,40.0,35.2,84,38955.67,19.27,6.95,4.06,0.2,1.0,4,36,14,8.0,32.4
2024-09-12,5,6,7,5,7,2,4,9,51,26.5,32.3,28.8,32.4,39.7,34.9,82,35953.08,17.5,6.85,3.86,0.2,2.0,7,56,28,10.5,34.6
2024-09-13,6,7,10,6,5,3,6,9,2,26.9,32.5,29.0,30.8,39.3,34.0,77,39203.82,18.69,6.9,4.37,0.0,0.0,2,59,23,13.5,44.6
2024-09-14,0,4,6,4,4,2,2,9,1,26.4,32.5,28.9,30.9,40.0,34.3,79,39600.0,20.21,6.95,4.54,0.0,0.0,0,38,13,13.0,43.2
2024-09-16,2,5,6,4,4,3,4,9,63,24.1,28.9,26.5,27.9,32.9,31.3,85,8658.59,9.44,6.4,2.2,7.1,5.0,34,68,46,10.5,34.9
2024-09-17,3,6,5,3,2,2,4,9,1,23.0,31.5,26.9,27.0,37.4,31.9,82,36379.94,15.5,6.8,3.31,0.0,0.0,10,45,25,10.0,34.6
2024-09-18,4,3,4,3,3,1,2,9,51,25.5,32.9,28.4,31.6,40.0,35.1,86,23168.04,13.95,6.7,3.05,0.1,1.0,7,100,49,6.6,23.0
2024-09-19,5,4,7,4,4,2,2,9,51,24.6,29.8,26.7,30.4,36.6,33.1,91,14678.14,10.63,6.25,2.22,0.5,3.0,13,100,50,5.4,18.0
2024-09-20,6,7,10,9,7,3,6,9,3,24.5,31.6,27.6,30.1,38.4,33.7,86,25200.0,13.9,6.65,3.08,0.0,0.0,2,100,42,12.7,40.0
2024-09-21,0,4,6,6,4,2,2,9,53,23.5,33.7,29.0,27.7,39.6,34.1,76,33179.69,15.15,5.65,3.65,0.8,3.0,0,96,52,13.3,58.0
2024-09-23,2,4,4,3,3,3,2,9,55,20.5,26.4,23.3,21.0,27.9,24.9,76,20631.12,11.44,3.35,2.8,3.9,8.0,27,97,54,14.7,43.6
2024-09-24,3,7,7,4,3,3,4,9,2,18.8,23.5,20.7,18.6,23.5,20.6,70,39600.0,16.3,4.8,3.49,0.0,0.0,11,53,24,14.5,44.6
2024-09-25,4,3,2,2,2,2,2,9,51,17.5,21.1,19.4,16.9,22.4,19.7,83,0.0,3.56,0.95,1.27,0.6,2.0,5,94,67,15.5,43.9
2024-09-26,5,7,6,4,2,2,2,9,2,21.0,26.8,23.8,22.5,30.4,26.7,81,24479.98,11.47,6.25,2.41,0.0,0.0,19,76,46,14.3,33.8
2024-09-27,6,7,8,4,4,5,5,9,63,22.8,23.9,23.3,25.9,28.1,27.2,93,0.0,1.86,3.1,0.58,21.1,15.0,53,100,83,10.9,28.1
2024-09-28,0,8,6,6,5,5,2,9,3,22.6,27.1,24.2,25.8,30.5,27.6,83,10863.45,9.21,5.05,2.1,0.0,0.0,37,95,69,10.4,26.3
2024-09-30,2,5,3,3,2,2,1,9,51,20.5,23.3,21.5,22.3,25.3,23.7,84,0.0,4.31,5.1,1.16,0.7,4.0,26,98,70,9.7,28.4
2024-10-01,3,4,4,2,2,2,2,10,61,20.2,23.8,22.1,21.9,27.4,24.4,85,1752.37,5.55,4.7,1.35,1.5,2.0,13,95,52,12.5,36.4
2024-10-02,4,6,7,4,4,3,7,10,51,20.5,30.1,25.3,23.7,35.0,29.2,81,39211.21,17.47,6.1,3.54,0.1,1.0,2,95,27,9.8,40.7
2024-10-03,5,3,5,2,2,2,3,10,63,22.1,25.0,23.3,23.9,28.6,26.0,85,18039.69,10.03,2.05,2.15,8.1,7.0,30,90,58,12.9,31.3
2024-10-04,6,5,7,5,5,2,3,10,63,23.4,28.1,26.0,27.9,33.0,30.7,86,14722.18,8.99,5.95,2.0,9.9,4.0,25,82,50,10.9,44.6
2024-10-05,0,3,3,3,2,2,2,10,63,20.0,23.6,21.5,22.1,27.9,24.3,91,0.0,2.67,0.45,0.72,16.0,20.0,55,97,80,9.0,31.7
2024-10-07,2,4,7,4,5,2,7,10,3,21.3,28.0,24.4,24.6,32.5,28.2,85,25133.52,10.02,5.5,2.17,0.0,0.0,8,80,43,9.5,44.6
2024-10-08,3,2,2,2,1,1,1,10,63,15.9,23.9,19.7,15.7,28.3,21.5,91,0.0,2.41,0.35,0.68,21.1,24.0,40,95,76,12.3,36.0
2024-10-09,4,1,1,1,1,1,0,10,63,15.9,17.8,16.7,15.2,17.3,16.3,88,0.0,2.42,1.5,0.79,49.1,15.0,15,100,73,17.3,45.4
2024-10-10,5,3,3,2,2,1,1,10,3,16.5,21.4,18.6,15.4,21.0,18.0,72,7394.49,7.83,1.1,2.15,0.0,0.0,14,88,41,14.7,48.2
2024-10-11,6,7,8,5,5,3,5,10,3,15.4,23.1,19.3,14.8,24.5,19.7,70,32438.4,16.61,5.3,3.12,0.0,0.0,1,85,28,8.9,26.3
2024-10-12,0,8,6,6,6,4,2,10,0,16.6,24.5,20.3,17.1,25.4,21.3,74,36217.96,16.83,5.5,3.11,0.0,0.0,2,17,9,9.4,24.1
2024-10-14,2,6,4,4,3,2,3,10,1,16.1,24.2,20.0,15.6,25.1,20.7,75,34208.51,15.45,5.45,2.91,0.0,0.0,1,44,18,11.5,28.1
2024-10-15,3,6,6,3,3,2,1,10,2,17.5,25.1,21.1,18.9,26.6,22.8,78,33333.79,15.21,5.45,2.8,0.0,0.0,5,59,23,7.6,16.6
2024-10-16,4,4,5,3,3,3,4,10,3,18.5,26.0,21.9,20.1,29.2,24.4,80,19556.81,8.91,3.5,1.75,0.0,0.0,3,100,57,6.0,18.0
2024-10-17,5,5,5,3,2,3,4,10,3,19.5,25.3,22.0,21.9,27.8,24.5,86,21160.72,9.12,3.75,1.83,0.0,0.0,29,92,52,8.6,26.6
2024-10-18,6,5,5,4,4,2,4,10,55,19.6,22.6,21.0,21.7,26.3,24.1,95,0.0,4.26,2.55,0.88,2.1,6.0,34,100,65,8.5,26.3
2024-10-19,0,3,4,2,3,1,3,10,61,20.5,29.3,24.0,21.0,33.8,27.5,85,28800.0,12.91,4.65,2.76,3.7,6.0,12,100,65,18.6,50.0
2024-10-21,2,3,3,2,2,1,2,10,2,11.1,19.2,15.4,8.7,17.6,13.7,66,33637.98,13.99,2.8,2.59,0.0,0.0,0,60,25,12.1,39.2
2024-10-22,3,6,7,5,6,4,3,10,3,14.2,22.2,18.3,13.1,23.0,18.0,71,30604.43,11.85,4.75,2.3,0.0,0.0,8,100,35,10.8,27.0
2024-10-23,4,5,5,4,3,2,4,10,63,17.9,24.5,21.3,19.2,28.7,24.2,90,609.53,4.15,4.5,0.88,14.0,10.0,12,100,59,11.9,44.3
2024-10-24,5,3,3,2,3,2,4,10,51,19.8,25.7,22.3,20.9,29.5,24.9,83,25614.87,11.31,4.35,2.15,0.2,1.0,9,90,49,10.3,36.7
2024-10-25,6,9,10,7,4,7,5,10,53,18.1,21.1,19.7,18.9,22.2,21.1,83,1103.54,4.89,1.15,1.1,1.4,3.0,61,89,73,9.7,26.3
2024-10-26,0,6,6,5,3,4,2,10,3,16.7,21.0,18.7,16.7,22.6,19.7,83,479.91,5.55,2.35,1.15,0.0,0.0,37,85,67,9.0,23.4
2024-10-28,2,3,4,2,2,1,0,10,61,17.6,20.4,19.0,18.4,22.3,20.4,86,0.0,3.77,0.65,0.91,12.8,10.0,36,85,64,9.8,26.3
2024-10-29,3,1,1,1,1,1,1,10,63,12.4,18.1,15.9,10.9,18.4,14.8,77,2301.02,4.38,1.5,1.33,19.1,11.0,49,99,71,13.9,35.6
2024-10-30,4,1,1,1,1,1,1,10,61,12.5,21.6,16.3,10.9,22.7,15.0,78,14611.39,6.64,2.9,1.88,13.4,10.0,0,93,53,20.6,50.0
2024-10-31,5,5,6,2,2,2,2,10,2,14.6,20.0,17.2,12.6,19.3,16.1,61,32862.66,14.03,4.2,2.69,0.0,0.0,0,66,29,13.6,31.7
2024-11-01,6,11,14,9,8,6,1,11,61,13.3,21.0,16.6,12.8,21.8,16.8,76,26545.91,10.57,4.55,1.77,6.0,7.0,8,98,40,9.1,15.5
2024-11-02,0,1,1,1,1,1,0,11,65,14.7,17.5,15.7,14.7,17.4,16.1,94,0.0,1.71,0.85,0.43,45.8,20.0,70,100,88,18.9,61.2
2024-11-04,2,6,6,3,3,3,0,11,0,12.2,22.6,17.6,11.4,21.7,17.2,72,32400.0,13.87,4.45,2.58,0.0,0.0,0,10,3,14.7,35.3
2024-11-05,3,6,5,4,4,3,6,11,3,13.9,19.8,16.6,13.1,18.5,15.8,72,27480.17,10.33,3.05,2.06,0.0,0.0,0,83,32,12.8,37.4
2024-11-06,4,5,4,3,2,3,2,11,3,13.0,15.6,14.3,11.2,14.6,13.0,74,17287.19,7.14,0.8,1.38,0.0,0.0,32,86,55,10.8,31.7
2024-11-07,5,8,5,4,5,5,4,11,1,10.6,15.7,13.0,6.5,12.5,9.7,59,32400.0,14.05,4.25,2.87,0.0,0.0,0,28,6,18.1,45.7
2024-11-08,6,7,8,4,5,6,0,11,1,10.1,14.9,12.2,6.4,12.5,9.4,57,32400.0,13.28,3.95,2.44,0.0,0.0,2,23,9,18.8,31.7
2024-11-09,0,7,6,5,4,6,0,11,2,9.0,16.5,12.7,6.5,14.0,10.5,63,32400.0,13.73,4.15,2.27,0.0,0.0,0,57,9,9.8,25.6
2024-11-11,2,6,4,4,3,3,2,11,51,13.8,20.9,16.7,13.5,21.8,16.9,83,16646.74,6.24,3.45,1.23,0.7,5.0,3,99,53,8.8,26.3
2024-11-12,3,8,9,5,4,6,0,11,1,12.6,20.5,16.5,11.9,21.3,16.2,74,32400.0,11.29,2.0,1.89,0.0,0.0,0,32,10,8.7,16.2
2024-11-13,4,8,6,5,3,3,1,11,1,14.0,19.3,16.1,12.7,17.6,14.7,67,32400.0,13.1,4.05,2.45,0.0,0.0,0,45,10,15.0,32.4
2024-11-14,5,9,8,7,5,5,7,11,3,11.4,18.8,15.1,9.7,18.8,14.4,72,27430.62,10.72,2.5,1.76,0.0,0.0,7,81,42,8.7,25.2
2024-11-15,6,7,6,5,3,3,6,11,63,13.8,17.8,15.5,13.3,18.8,16.0,92,10476.7,5.26,2.95,0.89,14.3,7.0,20,99,66,10.3,18.4
2024-11-16,0,4,3,4,2,2,0,11,3,13.6,18.4,16.1,12.2,18.2,15.6,80,19400.57,6.94,2.9,1.34,0.0,0.0,20,95,67,11.7,30.2
2024-11-18,2,5,5,3,4,3,6,11,51,9.5,17.4,13.5,4.7,15.8,10.5,60,9353.43,4.02,0.5,1.94,0.2,2.0,36,93,63,19.8,46.1
2024-11-19,3,9,7,4,3,7,2,11,2,6.9,11.9,9.4,1.9,8.4,5.3,52,32400.0,12.08,3.75,2.45,0.0,0.0,0,52,21,20.9,48.6
2024-11-20,4,2,2,1,1,1,1,11,61,5.6,8.1,7.1,2.5,5.7,4.0,75,0.0,1.66,0.65,0.7,5.4,13.0,15,100,77,11.4,30.2
2024-11-21,5,5,6,4,3,3,2,11,51,8.3,13.4,11.3,5.8,13.0,10.0,87,5421.74,4.29,0.55,0.74,0.7,4.0,10,91,58,12.7,30.6
2024-11-22,6,8,6,5,4,5,5,11,1,9.8,17.4,13.3,7.8,16.5,12.1,71,32400.0,12.0,3.65,1.88,0.0,0.0,0,43,19,13.9,31.0
2024-11-23,0,2,2,1,1,2,0,11,1,8.9,14.3,11.5,5.6,10.3,7.6,52,32400.0,11.75,3.1,2.7,0.0,0.0,0,39,14,18.5,55.1
2024-11-25,2,7,4,3,4,6,2,11,0,6.9,13.6,10.2,3.4,10.7,7.3,57,32400.0,12.34,3.6,2.03,0.0,0.0,0,16,2,11.9,23.0
2024-11-26,3,3,4,2,2,3,3,11,63,6.2,13.1,9.6,3.3,11.3,7.4,71,28800.0,9.5,2.6,1.39,4.9,4.0,0,99,47,8.7,16.9
2024-11-27,4,2,1,1,1,1,0,11,65,9.5,20.8,14.8,7.8,20.9,13.5,74,29493.02,10.19,3.0,2.24,34.8,8.0,0,100,30,17.7,58.7
2024-11-28,5,7,7,5,4,6,0,11,0,10.1,15.9,13.1,6.6,12.0,9.7,47,32400.0,12.09,3.55,2.74,0.0,0.0,0,10,1,17.1,68.0
2024-11-29,6,13,9,8,7,11,4,11,1,9.1,15.0,11.5,6.0,11.9,8.2,47,32400.0,11.17,3.5,2.33,0.0,0.0,0,31,7,11.7,33.1
2024-11-30,0,6,5,4,4,6,6,11,1,6.6,15.6,10.9,3.3,12.8,8.0,50,32392.76,11.16,3.45,1.95,0.0,0.0,0,38,6,10.5,27.0
2024-12-02,2,6,5,3,2,3,2,12,1,8.1,15.3,11.5,5.5,13.9,9.6,70,32304.5,10.58,3.4,1.61,0.0,0.0,0,38,15,9.9,20.5
2024-12-03,3,6,5,5,3,6,4,12,2,7.4,16.0,11.5,5.4,14.9,10.0,74,32240.59,11.5,3.4,1.63,0.0,0.0,0,63,8,7.4,22.0
2024-12-04,4,7,6,7,3,5,5,12,3,8.1,16.3,11.7,5.8,13.8,9.3,65,32179.37,11.37,3.35,1.97,0.0,0.0,0,90,22,12.1,19.4
2024-12-05,5,4,3,2,2,3,1,12,1,8.3,14.3,11.1,5.2,12.7,8.6,58,30860.15,10.07,3.2,1.79,0.0,0.0,0,45,22,10.6,22.7
2024-12-06,6,10,11,8,7,9,4,12,1,7.3,16.3,11.0,4.5,13.1,8.0,52,32065.4,11.15,3.35,2.08,0.0,0.0,0,37,8,12.0,42.5
2024-12-07,0,3,3,2,1,3,4,12,3,6.4,11.2,8.9,2.7,8.6,5.8,57,32012.85,10.36,3.25,1.73,0.0,0.0,0,87,23,12.0,24.5
2024-12-09,2,5,3,3,1,4,0,12,1,5.1,11.4,7.8,0.9,7.6,3.8,48,31917.06,11.52,3.15,2.19,0.0,0.0,0,41,4,12.7,40.7
2024-12-10,3,8,5,7,2,5,3,12,2,5.2,12.4,8.7,1.7,9.3,5.4,53,31874.03,11.31,3.25,1.91,0.0,0.0,0,73,14,14.0,24.8
2024-12-11,4,3,2,2,1,2,1,12,2,5.6,12.9,8.5,1.9,9.7,4.9,54,30592.17,10.14,3.0,2.03,0.0,0.0,0,60,33,18.8,41.8
2024-12-12,5,5,4,2,2,3,4,12,0,4.4,9.3,6.5,-0.3,4.4,1.7,47,31798.15,11.44,2.75,2.33,0.0,0.0,0,3,0,17.9,45.7
2024-12-13,6,9,6,3,3,7,3,12,3,3.8,10.1,6.5,-0.0,7.5,3.3,51,26683.77,6.88,2.15,1.24,0.0,0.0,0,100,62,12.1,24.8
2024-12-14,0,2,2,1,1,2,1,12,3,4.4,10.8,7.0,-0.2,5.6,2.5,50,31543.17,11.32,3.15,2.23,0.0,0.0,0,93,17,17.4,50.0
2024-12-16,2,5,3,3,2,4,5,12,0,5.3,11.1,8.1,2.1,8.2,5.2,55,31644.87,11.19,3.25,1.61,0.0,0.0,0,4,0,7.7,20.9
2024-12-17,3,6,4,5,3,4,0,12,0,4.5,12.5,8.6,1.2,9.4,5.5,56,31607.95,11.16,3.2,1.73,0.0,0.0,0,13,2,9.7,13.0
2024-12-18,4,3,3,3,2,4,3,12,2,4.5,10.9,7.5,0.3,6.8,3.9,54,31573.33,10.77,3.15,1.88,0.0,0.0,0,67,17,13.2,38.2
2024-12-19,5,6,5,3,2,4,1,12,2,3.4,8.1,5.3,-0.6,4.1,1.2,59,27342.05,8.87,2.45,1.63,0.0,0.0,0,75,25,16.5,48.2
2024-12-20,6,7,6,7,5,6,2,12,3,3.0,10.9,7.3,-0.8,8.5,4.1,55,30638.53,10.59,3.0,1.66,0.0,0.0,0,88,38,9.4,36.7
2024-12-21,0,2,3,2,2,3,3,12,1,4.8,14.7,10.1,1.5,10.4,6.6,59,31478.7,10.46,3.0,2.13,0.0,0.0,0,47,12,21.2,58.7
2024-12-23,2,5,3,3,2,3,5,12,1,3.2,9.8,6.2,-1.8,6.4,1.9,42,31422.38,11.33,3.15,2.08,0.0,0.0,0,25,3,19.4,30.6
2024-12-24,3,6,5,6,3,4,2,12,1,4.2,10.6,7.1,0.2,6.6,2.9,49,31073.31,10.92,3.1,2.17,0.0,0.0,0,42,14,16.2,24.8
2024-12-25,4,7,6,4,2,6,1,12,3,5.2,10.1,7.7,0.6,7.0,4.1,51,28274.63,9.97,2.75,1.84,0.0,0.0,0,93,20,14.0,23.8
2024-12-26,5,2,2,1,1,2,1,12,3,4.1,13.7,8.3,0.6,11.1,5.3,56,29901.6,10.05,3.2,1.56,0.0,0.0,1,99,35,10.4,32.0
2024-12-27,6,6,6,6,4,8,1,12,1,4.8,10.9,7.2,1.3,7.6,3.6,55,31170.66,10.11,3.2,1.83,0.0,0.0,0,36,9,16.1,27.4
2024-12-28,0,4,5,3,2,2,2,12,2,3.0,9.8,5.7,-0.5,6.8,2.3,58,30844.88,10.58,3.2,1.56,0.0,0.0,0,61,12,19.5,32.4
2024-12-30,2,4,3,4,2,5,1,12,2,3.5,9.1,6.3,-0.7,5.8,2.7,55,31004.44,10.34,2.7,1.63,0.0,0.0,0,79,22,12.2,21.6
2024-12-31,3,11,7,8,3,7,1,12,2,3.2,14.6,7.9,-0.1,11.8,4.4,58,30790.21,10.53,3.25,1.99,0.0,0.0,0,69,21,18.1,56.2
2025-01-01,4,3,4,3,2,3,1,1,0,4.2,10.1,7.0,-0.5,5.9,2.9,45,31252.9,11.55,2.8,2.04,0.0,0.0,0,5,1,13.7,39.2
2025-01-02,5,6,6,5,3,5,5,1,1,3.3,12.4,7.6,-0.6,9.3,4.4,52,30587.09,11.24,3.3,1.71,0.0,0.0,0,38,11,8.7,15.5
2025-01-03,6,6,4,4,2,3,5,1,51,3.5,7.7,5.4,-0.4,5.5,2.3,76,9803.07,4.17,0.55,0.74,0.1,1.0,4,92,49,11.6,31.0
2025-01-04,0,3,2,2,2,2,2,1,3,2.0,8.1,5.0,-2.1,4.1,1.2,59,31051.68,11.57,3.25,1.55,0.0,0.0,0,83,28,11.9,28.1
2025-01-06,2,1,1,1,1,1,1,1,63,2.5,9.2,4.8,-1.2,7.3,1.9,73,15080.15,5.57,2.5,0.81,27.5,10.0,0,99,50,15.3,38.2
2025-01-07,3,4,4,2,2,3,1,1,51,5.1,12.1,9.0,2.2,9.7,6.1,64,22453.0,8.01,2.35,1.52,0.1,1.0,0,83,34,11.3,39.6
2025-01-08,4,2,2,1,1,2,2,1,1,4.4,10.9,6.9,-0.2,6.3,2.6,42,31138.14,11.58,3.2,2.32,0.0,0.0,0,37,4,15.2,42.5
2025-01-09,5,4,3,2,2,2,1,1,2,3.3,11.9,6.6,-0.9,6.9,2.0,43,31237.51,11.99,3.25,2.41,0.0,0.0,0,53,6,18.0,49.0
2025-01-10,6,7,4,4,3,5,5,1,0,1.5,7.7,4.4,-3.3,2.6,-0.3,39,31255.48,12.19,3.3,2.19,0.0,0.0,0,0,0,16.2,40.7
2025-01-11,0,6,4,2,2,3,3,1,0,1.6,9.5,5.4,-2.6,5.7,1.4,45,31266.82,12.13,3.3,1.84,0.0,0.0,0,2,0,11.1,14.4
2025-01-13,2,4,3,3,2,3,2,1,1,3.4,11.1,6.6,-0.5,6.6,2.5,55,31295.48,12.18,3.35,2.11,0.0,0.0,0,47,10,19.0,51.8
2025-01-14,3,6,4,4,4,4,4,1,1,2.2,11.2,6.7,-1.2,8.6,3.8,57,31219.78,12.13,3.5,1.59,0.0,0.0,0,36,4,7.5,11.5
2025-01-15,4,3,2,2,1,2,2,1,1,3.8,13.8,7.6,-1.0,9.5,3.5,53,30949.14,10.97,3.25,2.24,0.0,0.0,0,41,11,19.6,55.1
2025-01-16,5,3,4,3,2,3,0,1,1,2.2,6.9,4.7,-2.6,3.6,0.7,50,30678.9,10.47,3.25,1.68,0.0,0.0,0,44,13,15.4,46.4
2025-01-17,6,6,6,3,3,5,6,1,0,2.5,7.8,4.3,-3.0,3.1,-0.3,52,31476.07,12.67,3.45,2.06,0.0,0.0,0,6,1,17.4,50.0
2025-01-18,0,3,2,2,1,2,2,1,1,2.5,7.5,4.9,-2.5,4.0,0.8,51,31592.86,12.69,3.45,1.87,0.0,0.0,0,46,12,17.2,29.2
2025-01-20,2,3,3,4,2,4,1,1,51,5.0,12.4,8.4,1.5,10.6,6.1,72,27509.34,10.73,3.15,1.53,1.4,6.0,5,97,41,11.9,25.9
2025-01-21,3,5,4,4,3,4,3,1,2,6.9,11.7,8.7,3.5,9.0,6.1,75,25697.1,9.41,3.5,1.4,0.0,0.0,5,65,42,11.2,28.4
2025-01-22,4,4,2,2,1,2,0,1,1,3.7,11.4,7.4,-0.4,7.7,3.8,54,32142.66,13.02,3.55,1.98,0.0,0.0,0,28,7,12.1,29.2
2025-01-23,5,5,4,2,4,5,6,1,1,3.2,11.5,7.0,-0.3,9.1,4.2,66,29961.09,11.59,3.6,1.57,0.0,0.0,1,48,15,8.3,20.9
2025-01-24,6,7,6,5,5,6,6,1,53,4.0,12.2,7.8,0.3,9.6,4.9,64,32463.0,13.15,3.65,1.83,0.9,3.0,0,59,13,11.8,28.1
2025-01-25,0,5,4,4,3,5,4,1,3,4.4,9.1,6.1,0.3,4.8,2.4,64,15551.02,7.02,3.25,1.41,0.0,0.0,0,95,42,12.8,34.6
2025-01-27,2,5,5,4,2,5,0,1,3,2.6,8.5,6.0,-1.0,6.0,2.7,57,27349.41,9.51,3.5,1.48,0.0,0.0,0,98,32,9.6,24.5
2025-01-28,3,3,3,2,1,3,1,1,51,3.0,12.8,7.1,-0.5,9.8,4.1,58,29686.95,12.67,4.0,1.85,0.4,3.0,1,82,30,11.3,42.8
2025-01-29,4,2,1,1,1,1,1,1,2,3.8,10.9,6.8,-0.9,5.7,2.4,42,33113.65,13.9,3.95,2.56,0.0,0.0,0,52,5,16.2,46.8
2025-01-30,5,3,2,2,2,2,2,1,0,1.8,9.9,5.7,-2.0,6.6,1.8,44,33360.05,13.96,3.95,2.28,0.0,0.0,0,11,1,17.9,37.1
2025-01-31,6,4,5,3,2,3,3,1,3,3.2,10.4,6.4,-1.4,6.5,2.1,44,33295.31,13.91,3.95,2.44,0.0,0.0,0,87,14,13.2,39.6
2025-02-01,0,3,2,2,1,2,2,2,3,2.2,10.1,6.3,-1.7,7.1,3.0,55,31933.75,12.73,3.9,1.76,0.0,0.0,0,100,40,9.5,18.7
2025-02-03,2,6,5,3,2,6,0,2,2,3.5,8.8,5.8,0.2,6.6,3.1,76,29675.29,9.24,1.45,1.16,0.0,0.0,4,71,41,9.9,23.8
2025-02-04,3,3,3,2,1,2,1,2,3,2.7,8.9,5.5,-0.9,5.2,1.8,60,29696.79,12.37,2.85,1.84,0.0,0.0,0,90,28,13.8,32.8
2025-02-05,4,2,2,1,1,2,1,2,2,0.6,7.7,3.7,-3.9,2.8,-1.0,45,34912.29,14.37,4.05,2.39,0.0,0.0,0,53,6,20.4,47.2
2025-02-06,5,3,2,2,1,2,2,2,1,0.7,7.8,3.9,-4.4,4.2,-0.5,39,35036.76,14.93,4.15,2.28,0.0,0.0,0,49,8,14.4,40.7
2025-02-07,6,6,5,2,3,4,3,2,2,0.5,7.6,4.2,-3.8,3.6,-0.2,40,34509.2,13.86,3.85,2.28,0.0,0.0,0,50,10,17.9,57.6
2025-02-08,0,3,2,3,2,2,4,2,0,0.7,7.4,4.1,-4.6,2.1,-1.1,42,35288.91,15.43,4.35,2.63,0.0,0.0,0,3,0,21.7,51.1
2025-02-10,2,8,9,6,4,5,6,2,1,0.5,8.7,5.1,-3.6,5.6,1.2,43,35491.59,15.62,4.4,2.29,0.0,0.0,0,34,7,11.4,23.0
2025-02-11,3,2,2,1,1,2,2,2,1,1.7,8.4,4.5,-2.3,3.7,0.0,50,35556.61,15.77,4.5,2.33,0.0,0.0,0,28,4,17.6,42.1
2025-02-12,4,5,3,3,2,2,4,2,2,0.8,11.9,6.1,-2.9,7.8,2.4,59,32400.0,13.38,4.6,2.04,0.0,0.0,0,57,19,23.0,64.8
2025-02-13,5,5,4,4,2,4,1,2,51,2.7,12.4,7.7,-2.4,10.4,3.2,55,35685.2,16.0,4.65,2.56,0.3,2.0,0,61,10,25.3,76.0
2025-02-14,6,6,6,5,2,5,3,2,1,2.4,11.9,6.8,-2.6,8.7,2.8,44,35748.66,16.25,4.7,2.66,0.0,0.0,0,27,6,14.8,24.8
2025-02-15,0,4,3,4,2,3,1,2,1,3.8,11.3,7.8,-0.1,7.7,4.5,58,35811.52,16.18,4.7,2.43,0.0,0.0,0,35,9,14.5,31.0
2025-02-17,2,3,3,3,2,3,4,2,51,3.5,13.2,8.3,-2.2,10.7,4.6,58,33906.66,13.35,4.7,2.53,0.2,1.0,0,56,26,20.6,65.9
2025-02-18,3,3,2,2,1,2,1,2,2,1.9,7.1,4.4,-3.6,3.2,-0.4,39,34471.56,16.64,4.6,2.65,0.0,0.0,0,68,15,20.0,65.9
2025-02-19,4,2,2,1,1,2,0,2,0,0.9,6.2,3.4,-4.1,1.2,-1.7,43,36000.0,17.3,4.8,2.56,0.0,0.0,0,10,2,18.0,46.8
2025-02-20,5,3,2,2,2,3,2,2,1,0.8,8.0,3.9,-3.8,4.4,-0.5,40,36000.0,16.65,4.85,2.58,0.0,0.0,0,35,8,14.7,35.3
2025-02-21,6,5,5,5,2,5,3,2,2,1.0,8.2,4.4,-3.9,4.5,-0.1,40,35057.41,16.88,5.0,2.58,0.0,0.0,0,52,15,15.9,33.1
2025-02-22,0,4,3,2,2,5,1,2,2,1.2,7.7,3.8,-3.5,3.8,-0.7,44,36000.0,16.36,4.85,2.56,0.0,0.0,0,54,17,17.7,38.9
2025-02-24,2,3,2,2,2,4,0,2,1,0.4,7.8,3.9,-4.0,3.2,-0.6,47,36000.0,17.8,5.1,2.56,0.0,0.0,0,27,6,16.5,41.4
2025-02-25,3,5,5,3,2,3,0,2,1,2.3,10.6,6.5,-2.0,7.5,2.5,49,36000.0,18.26,5.2,2.85,0.0,0.0,0,31,2,14.7,42.5
2025-02-26,4,7,4,5,2,5,3,2,3,4.7,14.9,9.4,1.1,12.3,5.7,43,36000.0,17.6,5.35,3.24,0.0,0.0,0,85,21,15.9,43.2
2025-02-27,5,9,5,6,4,6,2,2,2,4.2,13.1,8.6,-0.0,11.4,5.3,47,36000.0,18.47,5.4,2.91,0.0,0.0,0,53,6,12.6,20.2
2025-02-28,6,10,11,7,4,7,4,2,1,3.8,13.6,8.7,0.2,11.7,6.1,62,36000.0,16.29,5.4,2.33,0.0,0.0,1,47,18,8.8,18.0
2025-03-01,0,3,4,3,2,3,5,3,1,5.1,16.8,10.8,2.3,14.8,8.7,66,36000.0,18.52,5.5,2.77,0.0,0.0,0,34,5,11.3,32.0
2025-03-03,2,3,2,2,1,2,1,3,63,1.5,10.6,5.6,-2.1,9.6,2.6,88,0.0,1.63,0.9,0.38,25.5,15.0,7,100,72,16.6,52.6
2025-03-04,3,2,1,1,1,1,0,3,61,0.7,5.9,2.6,-3.7,2.1,-1.3,71,10851.95,7.39,4.9,1.16,7.2,7.0,6,100,59,15.7,51.8
2025-03-05,4,1,1,1,1,1,1,3,63,0.9,8.7,4.8,-3.4,6.6,1.5,93,0.0,1.34,0.35,0.31,13.3,13.0,65,100,89,15.6,48.6
2025-03-06,5,4,2,2,1,2,0,3,3,5.9,12.1,9.3,1.0,7.9,5.2,58,3516.56,5.93,0.85,2.04,0.0,0.0,59,97,84,18.2,42.8
2025-03-07,6,7,6,4,3,3,1,3,2,2.7,9.3,6.0,-2.3,5.1,1.0,48,36129.85,19.7,5.55,3.11,0.0,0.0,0,74,18,20.1,57.2
2025-03-08,0,3,2,2,1,2,2,3,61,1.2,6.1,3.2,-2.2,3.1,-0.5,64,8183.39,7.97,4.35,1.28,8.1,7.0,20,100,68,9.8,30.6
2025-03-10,2,4,3,4,2,4,3,3,2,3.5,11.8,7.8,-0.4,10.3,4.6,51,36689.12,20.31,5.85,3.01,0.0,0.0,0,50,10,10.7,25.6
2025-03-11,3,6,3,3,3,4,1,3,53,5.6,13.9,10.0,3.2,11.0,7.9,72,18712.79,10.13,5.7,1.69,0.7,1.0,28,94,59,11.1,29.2
2025-03-12,4,3,2,2,1,2,1,3,61,8.1,12.6,10.5,6.6,12.2,9.7,93,2810.57,6.97,2.95,1.06,5.2,7.0,42,100,75,7.4,18.7
2025-03-13,5,8,7,6,4,8,7,3,3,8.6,18.8,13.2,7.2,19.1,12.1,75,33527.05,17.02,5.65,2.86,0.0,0.0,0,100,58,14.0,31.7
2025-03-14,6,4,4,3,3,5,3,3,2,7.7,16.3,11.3,2.9,14.8,7.7,43,37043.21,20.24,5.9,3.8,0.0,0.0,0,65,12,16.1,35.3
2025-03-15,0,2,1,1,1,2,1,3,51,5.3,10.7,7.4,1.5,7.7,3.9,55,18029.73,9.0,3.6,1.86,1.1,3.0,0,100,57,14.5,35.6
2025-03-17,2,7,6,2,3,5,1,3,53,6.2,14.8,9.6,1.5,11.5,6.3,64,36283.83,17.42,6.15,3.07,0.6,1.0,0,69,29,18.7,51.5
2025-03-18,3,2,2,1,1,1,1,3,51,4.6,11.0,7.9,0.3,7.4,4.3,55,36243.52,17.48,5.6,2.79,0.4,2.0,9,83,51,14.3,38.9
2025-03-19,4,2,2,2,1,2,1,3,65,1.7,9.6,6.0,-2.9,5.8,2.3,77,13965.08,7.64,3.9,1.23,37.2,14.0,0,100,54,19.0,65.2
2025-03-20,5,2,1,1,1,1,1,3,1,4.2,11.5,7.8,0.0,9.7,4.8,55,37246.73,20.89,6.2,3.03,0.0,0.0,0,36,14,15.5,27.4
2025-03-21,6,14,8,6,4,8,3,3,0,3.5,15.7,9.8,0.6,12.7,7.4,66,38864.6,21.55,6.3,3.13,0.0,0.0,0,4,0,13.1,41.0
2025-03-22,0,5,3,4,2,2,4,3,0,7.8,21.8,14.6,4.9,21.7,12.7,52,39060.0,21.6,6.45,3.96,0.0,0.0,0,0,0,10.7,45.7
2025-03-24,2,2,2,2,1,2,1,3,51,8.2,16.2,12.5,6.8,15.7,11.8,87,31231.64,13.59,4.9,2.05,0.1,1.0,0,97,52,9.4,22.0
2025-03-25,3,3,3,2,2,1,0,3,3,8.6,22.0,15.3,7.4,23.0,14.6,72,36034.19,21.54,6.65,3.79,0.0,0.0,0,100,16,12.8,50.4
2025-03-26,4,5,3,2,2,2,0,3,2,13.3,24.2,18.3,11.9,25.0,17.2,56,39465.16,22.12,6.75,4.32,0.0,0.0,0,77,10,16.5,51.8
2025-03-27,5,2,3,2,2,2,3,3,3,9.4,20.2,15.2,8.1,21.0,15.0,81,36811.62,20.03,6.8,3.16,0.0,0.0,0,92,56,11.7,59.4
2025-03-28,6,6,7,3,4,5,3,3,63,14.1,22.2,17.6,12.6,24.9,18.2,85,15081.19,11.17,5.85,2.2,8.8,7.0,35,100,68,14.8,56.2
2025-03-29,0,2,2,1,1,1,1,3,63,4.4,13.4,7.7,1.0,12.6,5.3,83,0.0,3.0,1.65,0.63,10.3,12.0,66,100,91,14.4,43.9
2025-03-31,2,4,2,2,2,3,2,3,3,5.6,7.3,6.4,1.7,4.0,2.8,62,3904.26,7.16,5.45,1.5,0.0,0.0,48,96,81,11.2,32.4
2025-04-01,3,1,1,1,1,1,1,4,63,3.3,6.9,5.0,-1.0,3.9,1.4,92,0.0,2.54,0.6,0.42,19.3,23.0,71,100,92,17.6,55.4
